datetime,energy
2008-03-01,30336.1295625
2008-03-02,27611.7345
2008-03-03,25970.325
2008-03-04,28984.3695
2008-03-05,30669.9405
2008-03-06,30638.2575
2008-03-07,30690.560999999998
2008-03-08,30480.108
2008-03-09,26271.225
2008-03-10,25043.73
2008-03-11,30372.669
2008-03-12,31042.083
2008-03-13,30701.181
2008-03-14,30764.016
2008-03-15,30875.9685
2008-03-16,28892.1525
2008-03-17,27821.214
2008-03-18,32764.115999999998
2008-03-19,30091.947
2008-03-20,30839.240999999998
2008-03-21,30538.341
2008-03-22,29053.665
2008-03-23,26898.070499999998
2008-03-24,23156.91
2008-03-25,30748.3515
2008-03-26,31124.6535
2008-03-27,30689.322
2008-03-28,29053.0455
2008-03-29,30288.8595
2008-03-30,26417.8695
2008-03-31,25085.586812499998
2008-04-01,30420.105
2008-04-02,30977.035499999998
2008-04-03,31115.6265
2008-04-04,31899.7365
2008-04-05,30324.702
2008-04-06,29525.900999999998
2008-04-07,26456.19
2008-04-08,30665.604
2008-04-09,34551.7275
2008-04-10,34075.951499999996
2008-04-11,32091.516
2008-04-12,33053.688
2008-04-13,29416.7805
2008-04-14,30609.495
2008-04-15,32731.548
2008-04-16,30811.806
2008-04-17,32667.827999999998
2008-04-18,32154.2625
2008-04-19,28478.3265
2008-04-20,28352.4795
2008-04-21,26247.2415
2008-04-22,31580.6055
2008-04-23,31597.0665
2008-04-24,30274.5225
2008-04-25,28198.047
2008-04-26,30662.6835
2008-04-27,29985.658499999998
2008-04-28,30108.585
2008-04-29,35120.694
2008-04-30,34735.4535
2008-05-01,34332.867
2008-05-02,34632.528
2008-05-03,33681.0645
2008-05-04,33160.242
2008-05-05,30858.0915
2008-05-06,34015.506
2008-05-07,32790.489
2008-05-08,33153.162
2008-05-09,34993.6965
2008-05-10,33320.5155
2008-05-11,31287.8475
2008-05-12,32531.892
2008-05-13,37507.362
2008-05-14,38114.383499999996
2008-05-15,39783.051
2008-05-16,35944.3635
2008-05-17,36787.5915
2008-05-18,35318.757
2008-05-19,36506.1615
2008-05-20,40471.935
2008-05-21,39622.7775
2008-05-22,36950.254499999995
2008-05-23,34796.960999999996
2008-05-24,33549.996
2008-05-25,33262.1055
2008-05-26,34139.3175
2008-05-27,38976.5505
2008-05-28,38478.384
2008-05-29,34580.7555
2008-05-30,32375.954999999998
2008-05-31,29965.569
2008-06-01,27509.3154
2008-06-02,26055.0738
2008-06-03,32099.2434
2008-06-04,32987.0646
2008-06-05,32812.604999999996
2008-06-06,30217.761
2008-06-07,34369.6878
2008-06-08,29312.2116
2008-06-09,30854.8296
2008-06-10,34427.2824
2008-06-11,34772.85
2008-06-12,29878.808399999998
2008-06-13,30416.1228
2008-06-14,35280.6174
2008-06-15,33554.8962
2008-06-16,34031.3526
2008-06-17,42397.6518
2008-06-18,42348.6126
2008-06-19,40384.7514
2008-06-20,37735.5762
2008-06-21,40023.0432
2008-06-22,37144.4598
2008-06-23,40835.4534
2008-06-24,43705.4814
2008-06-25,37308.2472
2008-06-26,37366.0182
2008-06-27,38882.7054
2008-06-28,41241.2616
2008-06-29,35808.759
2008-06-30,34054.5492
2008-07-01,36151.416
2008-07-02,36167.556599999996
2008-07-03,38503.269
2008-07-04,34963.803
2008-07-05,36235.1178
2008-07-06,32889.6918
2008-07-07,30888.8748
2008-07-08,33916.604400000004
2008-07-09,32661.077400000002
2008-07-10,33903.9036
2008-07-11,37581.579
2008-07-12,37182.5622
2008-07-13,32985.6534
2008-07-14,31989.610800000002
2008-07-15,32673.513600000002
2008-07-16,33160.9068
2008-07-17,32795.406
2008-07-18,37115.2656
2008-07-19,38119.6872
2008-07-20,33514.7652
2008-07-21,32593.869
2008-07-22,33714.1854
2008-07-23,34116.2892
2008-07-24,34527.3894
2008-07-25,35401.0104
2008-07-26,36604.6758
2008-07-27,33097.5792
2008-07-28,32285.7864
2008-07-29,36202.572
2008-07-30,39010.86
2008-07-31,37578.933
2008-08-01,38358.7092
2008-08-02,37389.8322
2008-08-03,29825.9766
2008-08-04,27595.8396
2008-08-05,32751.0414
2008-08-06,36893.8836
2008-08-07,37905.5376
2008-08-08,37188.2952
2008-08-09,36020.6154
2008-08-10,33562.746
2008-08-11,30322.3662
2008-08-12,35189.595
2008-08-13,35070.7014
2008-08-14,35467.6014
2008-08-15,33334.748999999996
2008-08-16,33495.9786
2008-08-17,31022.4978
2008-08-18,28611.198
2008-08-19,33666.4692
2008-08-20,29431.5462
2008-08-21,33523.7616
2008-08-22,33852.042
2008-08-23,29994.0858
2008-08-24,27813.9582
2008-08-25,27823.4838
2008-08-26,29250.2952
2008-08-27,31641.1326
2008-08-28,30820.608
2008-08-29,30066.939
2008-08-30,30725.1756
2008-08-31,29412.1422
2008-09-01,27889.06785
2008-09-02,29767.7646
2008-09-03,30586.7898
2008-09-04,29745.9792
2008-09-05,28634.571
2008-09-06,28367.4132
2008-09-07,26782.371
2008-09-08,25470.9252
2008-09-09,29070.279000000002
2008-09-10,29597.0976
2008-09-11,30578.1462
2008-09-12,30614.749200000002
2008-09-13,28576.270800000002
2008-09-14,26098.821
2008-09-15,25045.4484
2008-09-16,28559.248199999998
2008-09-17,29561.112
2008-09-18,29179.9116
2008-09-19,29652.399
2008-09-20,29928.6414
2008-09-21,29663.7768
2008-09-22,31122.8694
2008-09-23,30404.1276
2008-09-24,30985.7184
2008-09-25,30754.6344
2008-09-26,29812.5702
2008-09-27,30472.3062
2008-09-28,27694.8882
2008-09-29,26537.0868
2008-09-30,31295.9178
2008-10-01,31923.8136
2008-10-02,30096.2214
2008-10-03,29637.1404
2008-10-04,28635.3648
2008-10-05,25739.9352
2008-10-06,24214.3398
2008-10-07,27610.128
2008-10-08,30135.2058
2008-10-09,31201.5438
2008-10-10,30659.202
2008-10-11,30377.4912
2008-10-12,25211.088
2008-10-13,24152.247
2008-10-14,27982.9494
2008-10-15,28840.077
2008-10-16,30178.6884
2008-10-17,29047.1706
2008-10-18,29431.1934
2008-10-19,26676.2664
2008-10-20,25374.258
2008-10-21,29572.137
2008-10-22,28410.3666
2008-10-23,28381.878
2008-10-24,26494.398
2008-10-25,29445.9228
2008-10-26,25627.1274
2008-10-27,23667.4116
2008-10-28,25303.698
2008-10-29,30297.141
2008-10-30,30562.182
2008-10-31,30380.049
2008-11-01,30560.0652
2008-11-02,30042.3312
2008-11-03,31421.9556
2008-11-04,35008.4322
2008-11-05,37106.0928
2008-11-06,37784.6154
2008-11-07,38284.7094
2008-11-08,35257.244399999996
2008-11-09,33885.3816
2008-11-10,32165.0406
2008-11-11,37141.3728
2008-11-12,37758.3318
2008-11-13,34236.7704
2008-11-14,31925.2248
2008-11-15,29418.8454
2008-11-16,24189.732
2008-11-17,27084.1032
2008-11-18,32195.0286
2008-11-19,32245.6554
2008-11-20,35381.43
2008-11-21,35514.7002
2008-11-22,37101.4182
2008-11-23,35623.0098
2008-11-24,34753.2696
2008-11-25,37730.5488
2008-11-26,37956.0762
2008-11-27,38329.6032
2008-11-28,37690.3296
2008-11-29,35697.8916
2008-11-30,29928.6414
2008-12-01,29349.873
2008-12-02,30534.7518
2008-12-03,34328.4984
2008-12-04,34227.333
2008-12-05,31804.038
2008-12-06,33149.97
2008-12-07,29173.8258
2008-12-08,30484.125
2008-12-09,36681.5862
2008-12-10,36020.3508
2008-12-11,37404.9144
2008-12-12,36628.2252
2008-12-13,37657.1664
2008-12-14,35293.4946
2008-12-15,34164.6228
2008-12-16,39271.05
2008-12-17,36146.8296
2008-12-18,37850.2362
2008-12-19,40351.1472
2008-12-20,37971.5994
2008-12-21,35657.2314
2008-12-22,34716.9312
2008-12-23,41401.3446
2008-12-24,41883.7104
2008-12-25,37839.564
2008-12-26,35067.7908
2008-12-27,33822.4068
2008-12-28,32810.664600000004
2008-12-29,31230.5616
2008-12-30,35769.5982
2008-12-31,39117.493800000004
2009-01-01,37691.7408
2009-01-02,40686.7482
2009-01-03,38421.9486
2009-01-04,31367.007
2009-01-05,31853.1654
2009-01-06,35392.6314
2009-01-07,38632.1292
2009-01-08,39487.0518
2009-01-09,37841.6808
2009-01-10,40545.54
2009-01-11,37807.0182
2009-01-12,32857.2342
2009-01-13,36752.7636
2009-01-14,36413.2818
2009-01-15,36759.6432
2009-01-16,35544.9528
2009-01-17,38823.3468
2009-01-18,35143.6428
2009-01-19,34393.7664
2009-01-20,33382.7298
2009-01-21,33693.4584
2009-01-22,33738.5286
2009-01-23,33570.0666
2009-01-24,34726.1922
2009-01-25,30883.1418
2009-01-26,31996.2258
2009-01-27,35211.1158
2009-01-28,33861.8322
2009-01-29,33947.9154
2009-01-30,33224.2344
2009-01-31,33009.5556
2009-02-01,26896.8546
2009-02-02,26249.9958
2009-02-03,27999.7956
2009-02-04,31721.3064
2009-02-05,33804.061200000004
2009-02-06,34331.85
2009-02-07,34632.2592
2009-02-08,32293.4598
2009-02-09,30771.1278
2009-02-10,33871.2696
2009-02-11,34648.8408
2009-02-12,35699.0382
2009-02-13,35494.5906
2009-02-14,32501.1708
2009-02-15,29629.908
2009-02-16,28834.0794
2009-02-17,33173.0784
2009-02-18,34013.5362
2009-02-19,32473.7406
2009-02-20,34945.633799999996
2009-02-21,34051.1094
2009-02-22,30311.9586
2009-02-23,30048.417
2009-02-24,33027.9894
2009-02-25,31811.4468
2009-02-26,31654.6272
2009-02-27,30690.2484
2009-02-28,29426.8716
2009-03-01,27276.3792
2009-03-02,25808.731200000002
2009-03-03,32081.9562
2009-03-04,33510.1788
2009-03-05,30419.1216
2009-03-06,33224.499
2009-03-07,28223.2944
2009-03-08,26454.267
2009-03-09,24006.8934
2009-03-10,30165.1938
2009-03-11,30584.320200000002
2009-03-12,30626.3916
2009-03-13,28261.3086
2009-03-14,30049.2108
2009-03-15,26932.0464
2009-03-16,24726.1644
2009-03-17,28664.8236
2009-03-18,29270.4048
2009-03-19,30598.6086
2009-03-20,30868.4124
2009-03-21,30678.165
2009-03-22,28015.9362
2009-03-23,27357.435
2009-03-24,30769.2756
2009-03-25,32534.8632
2009-03-26,33146.7948
2009-03-27,33554.1024
2009-03-28,32849.649
2009-03-29,29492.4924
2009-03-30,29317.404375
2009-03-31,31879.2726
2009-04-01,30566.9448
2009-04-02,31780.3122
2009-04-03,32128.3494
2009-04-04,30944.088
2009-04-05,27841.5648
2009-04-06,25418.4462
2009-04-07,31020.2928
2009-04-08,31710.1932
2009-04-09,31052.7504
2009-04-10,32113.090799999998
2009-04-11,31816.7388
2009-04-12,28725.9462
2009-04-13,26894.1204
2009-04-14,31283.8344
2009-04-15,31309.677
2009-04-16,29833.2972
2009-04-17,36569.3076
2009-04-18,35929.152
2009-04-19,31617.2304
2009-04-20,29711.3166
2009-04-21,33702.8958
2009-04-22,32479.7382
2009-04-23,37079.8974
2009-04-24,30817.7856
2009-04-25,34159.2426
2009-04-26,32522.868
2009-04-27,28854.1008
2009-04-28,32115.2958
2009-04-29,31101.525
2009-04-30,36153.621
2009-05-01,37996.2072
2009-05-02,38486.1582
2009-05-03,35000.9352
2009-05-04,31876.7148
2009-05-05,36854.811
2009-05-06,40029.8346
2009-05-07,38542.959
2009-05-08,41258.637
2009-05-09,39933.3438
2009-05-10,37512.9594
2009-05-11,33836.6952
2009-05-12,38981.8422
2009-05-13,38527.965
2009-05-14,39338.4348
2009-05-15,37886.1336
2009-05-16,38514.5586
2009-05-17,31818.9438
2009-05-18,35182.4508
2009-05-19,40993.155
2009-05-20,41287.743
2009-05-21,41417.3088
2009-05-22,40353.1758
2009-05-23,36135.1872
2009-05-24,29759.561999999998
2009-05-25,29122.4934
2009-05-26,32593.7808
2009-05-27,33061.5054
2009-05-28,31941.8064
2009-05-29,34069.1904
2009-05-30,33569.1846
2009-05-31,31550.7276
2009-06-01,31610.241
2009-06-02,33010.3007
2009-06-03,35618.6272
2009-06-04,36953.111
2009-06-05,38753.1742
2009-06-06,40970.7974
2009-06-07,38661.5957
2009-06-08,35119.3583
2009-06-09,36791.0218
2009-06-10,37807.6855
2009-06-11,35283.82
2009-06-12,36062.7592
2009-06-13,36680.748
2009-06-14,35859.7681
2009-06-15,36504.5187
2009-06-16,37678.4317
2009-06-17,37971.5778
2009-06-18,37443.744
2009-06-19,39440.3451
2009-06-20,34663.8383
2009-06-21,33754.6963
2009-06-22,33780.604
2009-06-23,36475.9538
2009-06-24,39108.3849
2009-06-25,39124.7077
2009-06-26,40982.6599
2009-06-27,40187.303
2009-06-28,33932.1593
2009-06-29,30610.944
2009-06-30,36480.9835
2009-07-01,37676.9133
2009-07-02,39059.3216
2009-07-03,34935.0625
2009-07-04,36169.6166
2009-07-05,35801.5944
2009-07-06,36559.9403
2009-07-07,39493.0146
2009-07-08,41621.0522
2009-07-09,41401.8332
2009-07-10,42447.7261
2009-07-11,41092.2694
2009-07-12,38170.8678
2009-07-13,37834.6371
2009-07-14,42866.0453
2009-07-15,39148.8123
2009-07-16,38359.529
2009-07-17,33426.0576
2009-07-18,35866.0315
2009-07-19,40344.4574
2009-07-20,40973.075
2009-07-21,42064.424999999996
2009-07-22,40206.283
2009-07-23,39377.1417
2009-07-24,34917.3162
2009-07-25,38704.4905
2009-07-26,35436.3243
2009-07-27,36669.5498
2009-07-28,41319.8396
2009-07-29,36427.2701
2009-07-30,35347.6877
2009-07-31,36470.6394
2009-08-01,37942.0639
2009-08-02,37452.474799999996
2009-08-03,35395.2326
2009-08-04,37532.5704
2009-08-05,39075.2648
2009-08-06,38638.0605
2009-08-07,32916.8242
2009-08-08,34279.2086
2009-08-09,32012.7119
2009-08-10,28445.6107
2009-08-11,33474.6464
2009-08-12,36189.4507
2009-08-13,35952.6752
2009-08-14,35459.7646
2009-08-15,34648.2747
2009-08-16,34965.7152
2009-08-17,33879.7745
2009-08-18,37211.9982
2009-08-19,40904.1776
2009-08-20,40295.6788
2009-08-21,37130.574
2009-08-22,37537.3154
2009-08-23,35721.4039
2009-08-24,32855.1392
2009-08-25,37386.7091
2009-08-26,34972.2633
2009-08-27,32362.8929
2009-08-28,33504.1603
2009-08-29,33014.2865
2009-08-30,27532.1033
2009-08-31,28937.485308333333
2009-09-01,33207.2182
2009-09-02,33872.7519
2009-09-03,33320.8135
2009-09-04,34422.7923
2009-09-05,32946.8126
2009-09-06,29614.7787
2009-09-07,30549.0692
2009-09-08,32780.2631
2009-09-09,33707.1514
2009-09-10,32861.4975
2009-09-11,31665.1881
2009-09-12,30347.0271
2009-09-13,29060.183100000002
2009-09-14,26110.6911
2009-09-15,31430.4055
2009-09-16,32722.5639
2009-09-17,32248.0639
2009-09-18,32638.102899999998
2009-09-19,30986.3684
2009-09-20,29531.931
2009-09-21,26984.245600000002
2009-09-22,32478.3862
2009-09-23,32186.7585
2009-09-24,33546.3908
2009-09-25,33157.0161
2009-09-26,32312.0265
2009-09-27,29232.9011
2009-09-28,26929.773
2009-09-29,32534.4721
2009-09-30,28880.8221
2009-10-01,33031.4634
2009-10-02,30697.7775
2009-10-03,32398.1008
2009-10-04,27758.7245
2009-10-05,28242.8094
2009-10-06,31352.4926
2009-10-07,33121.9031
2009-10-08,33537.9447
2009-10-09,33252.2957
2009-10-10,33297.6579
2009-10-11,29705.4082
2009-10-12,25784.899400000002
2009-10-13,32186.1891
2009-10-14,33910.617
2009-10-15,33222.0226
2009-10-16,33065.058
2009-10-17,30141.0941
2009-10-18,29568.2777
2009-10-19,28410.1181
2009-10-20,32804.7473
2009-10-21,33274.217599999996
2009-10-22,31967.065
2009-10-23,34577.1946
2009-10-24,33921.3407
2009-10-25,29889.3244
2009-10-26,32510.9369
2009-10-27,33466.1054
2009-10-28,41114.5709
2009-10-29,39260.5096
2009-10-30,39513.2283
2009-10-31,33017.7978
2009-11-01,31099.7739
2009-11-02,27798.9621
2009-11-03,32577.7465
2009-11-04,35529.2314
2009-11-05,34666.2108
2009-11-06,36121.8819
2009-11-07,35279.8342
2009-11-08,28916.03
2009-11-09,28567.0827
2009-11-10,33357.9194
2009-11-11,33004.4169
2009-11-12,33726.6059
2009-11-13,35610.7505
2009-11-14,37133.2312
2009-11-15,35190.5333
2009-11-16,35965.202
2009-11-17,37563.8874
2009-11-18,38316.2546
2009-11-19,38531.4878
2009-11-20,41205.0106
2009-11-21,37490.245
2009-11-22,31152.1587
2009-11-23,32307.3764
2009-11-24,36590.4032
2009-11-25,38078.9097
2009-11-26,37924.6023
2009-11-27,33484.516
2009-11-28,35678.3193
2009-11-29,34163.4306
2009-11-30,35627.263100000004
2009-12-01,36023.2808
2009-12-02,33869.81
2009-12-03,34533.5406
2009-12-04,33273.648199999996
2009-12-05,32172.2388
2009-12-06,32160.3763
2009-12-07,30809.9493
2009-12-08,39093.2958
2009-12-09,38778.038
2009-12-10,39987.9181
2009-12-11,41158.7943
2009-12-12,41565.3459
2009-12-13,39276.263
2009-12-14,39019.4636
2009-12-15,44497.0916
2009-12-16,41979.2048
2009-12-17,43666.5268
2009-12-18,41718.8941
2009-12-19,40868.8748
2009-12-20,35443.6316
2009-12-21,33227.0523
2009-12-22,38068.9452
2009-12-23,41449.6628
2009-12-24,41800.0336
2009-12-25,41994.4837
2009-12-26,41461.2406
2009-12-27,36762.7416
2009-12-28,36026.2227
2009-12-29,42687.1588
2009-12-30,47952.8751
2009-12-31,48361.7992
2010-01-01,45671.574
2010-01-02,42607.253
2010-01-03,36657.6873
2010-01-04,34776.3897
2010-01-05,41600.2691
2010-01-06,39953.9439
2010-01-07,38467.6201
2010-01-08,39243.7123
2010-01-09,38246.1235
2010-01-10,32972.7203
2010-01-11,30043.6318
2010-01-12,34484.3824
2010-01-13,39866.7308
2010-01-14,39181.1732
2010-01-15,38186.9059
2010-01-16,38913.2705
2010-01-17,36060.7663
2010-01-18,34336.4333
2010-01-19,34685.95
2010-01-20,39121.8607
2010-01-21,39213.0596
2010-01-22,38297.0848
2010-01-23,40460.0456
2010-01-24,38158.341
2010-01-25,35455.3043
2010-01-26,38480.1469
2010-01-27,39042.0498
2010-01-28,38265.1035
2010-01-29,36389.1203
2010-01-30,32171.9541
2010-01-31,29234.1348
2010-02-01,28198.4911
2010-02-02,28954.369599999998
2010-02-03,33705.8228
2010-02-04,33327.3616
2010-02-05,35641.1185
2010-02-06,35791.9146
2010-02-07,33027.4776
2010-02-08,29882.6814
2010-02-09,35152.6682
2010-02-10,30991.493
2010-02-11,33126.1736
2010-02-12,34327.4178
2010-02-13,32021.158
2010-02-14,30481.88
2010-02-15,29567.044
2010-02-16,35665.9823
2010-02-17,32927.1683
2010-02-18,31362.8367
2010-02-19,32224.244
2010-02-20,31429.6463
2010-02-21,30876.7589
2010-02-22,29387.0187
2010-02-23,32689.8234
2010-02-24,33190.6107
2010-02-25,33341.3119
2010-02-26,33041.0483
2010-02-27,32183.3421
2010-02-28,28459.0865
2010-03-01,27155.255400000002
2010-03-02,33212.3428
2010-03-03,34605.664600000004
2010-03-04,35748.9249
2010-03-05,32459.596
2010-03-06,32974.1438
2010-03-07,29231.5725
2010-03-08,29047.751200000002
2010-03-09,33016.3743
2010-03-10,32957.631199999996
2010-03-11,33146.9567
2010-03-12,33996.1219
2010-03-13,35360.3094
2010-03-14,32339.8322
2010-03-15,28873.325
2010-03-16,33735.9061
2010-03-17,34924.149
2010-03-18,32313.9245
2010-03-19,33826.6305
2010-03-20,33965.8488
2010-03-21,31486.3965
2010-03-22,31209.3834
2010-03-23,37466.7098
2010-03-24,38557.3006
2010-03-25,37505.1443
2010-03-26,37945.5752
2010-03-27,36549.880900000004
2010-03-28,30045.0553
2010-03-29,28822.7433
2010-03-30,34877.8378
2010-03-31,34034.1768
2010-04-01,34501.4644
2010-04-02,37195.3907
2010-04-03,37518.525200000004
2010-04-04,32252.0497
2010-04-05,31770.9067
2010-04-06,34345.8284
2010-04-07,34376.3862
2010-04-08,33150.2782
2010-04-09,33276.1156
2010-04-10,32478.0066
2010-04-11,31568.3901
2010-04-12,33091.2504
2010-04-13,37215.1299
2010-04-14,37111.6889
2010-04-15,35805.5802
2010-04-16,35459.6697
2010-04-17,36657.023
2010-04-18,32492.5263
2010-04-19,33632.0855
2010-04-20,36800.0373
2010-04-21,36013.8857
2010-04-22,37882.7514
2010-04-23,30014.023
2010-04-24,31302.765
2010-04-25,30344.1801
2010-04-26,30114.2374
2010-04-27,35651.083
2010-04-28,35997.6578
2010-04-29,34969.8908
2010-04-30,33340.268
2010-05-01,33810.6873
2010-05-02,35565.7679
2010-05-03,34941.895300000004
2010-05-04,41127.5722
2010-05-05,40901.4255
2010-05-06,41161.3566
2010-05-07,42390.0269
2010-05-08,43702.1143
2010-05-09,41310.2547
2010-05-10,37115.6747
2010-05-11,35609.0423
2010-05-12,37579.7357
2010-05-13,36798.3291
2010-05-14,37826.3808
2010-05-15,36820.5357
2010-05-16,35182.8464
2010-05-17,30096.6809
2010-05-18,34614.3005
2010-05-19,36256.1654
2010-05-20,39928.8903
2010-05-21,36740.0605
2010-05-22,33791.992
2010-05-23,32759.48
2010-05-24,31602.649
2010-05-25,31246.4893
2010-05-26,33218.5113
2010-05-27,37303.5767
2010-05-28,37207.2532
2010-05-29,35439.9305
2010-05-30,33754.6014
2010-05-31,30157.5118
2010-06-01,28165.1505
2010-06-02,31791.654000000002
2010-06-03,35119.6491
2010-06-04,32591.8365
2010-06-05,31361.720400000002
2010-06-06,27355.5441
2010-06-07,27674.9379
2010-06-08,32399.9625
2010-06-09,33593.4867
2010-06-10,37956.9222
2010-06-11,37632.0948
2010-06-12,32820.3024
2010-06-13,28897.328100000002
2010-06-14,29038.8564
2010-06-15,30842.7267
2010-06-16,34501.662000000004
2010-06-17,38360.1123
2010-06-18,36457.0788
2010-06-19,36757.8795
2010-06-20,33790.4547
2010-06-21,35145.7983
2010-06-22,36729.6927
2010-06-23,35889.0129
2010-06-24,37856.91
2010-06-25,35935.1985
2010-06-26,35863.3731
2010-06-27,33583.2987
2010-06-28,34947.1323
2010-06-29,41698.9746
2010-06-30,38516.3283
2010-07-01,41268.7014
2010-07-02,39430.3617
2010-07-03,38790.6402
2010-07-04,39272.6175
2010-07-05,39530.628600000004
2010-07-06,44693.058
2010-07-07,46073.7018
2010-07-08,42166.6887
2010-07-09,43106.6166
2010-07-10,42737.3865
2010-07-11,38399.1663
2010-07-12,37174.6536
2010-07-13,35951.5842
2010-07-14,35866.854
2010-07-15,38851.2588
2010-07-16,41513.0436
2010-07-17,41476.2819
2010-07-18,40158.039600000004
2010-07-19,31120.689300000002
2010-07-20,38405.6187
2010-07-21,36001.845
2010-07-22,34700.6676
2010-07-23,35704.2705
2010-07-24,35223.1422
2010-07-25,35317.6359
2010-07-26,29521.9374
2010-07-27,35418.1575
2010-07-28,34155.9492
2010-07-29,35822.7909
2010-07-30,35270.4315
2010-07-31,32292.1395
2010-08-01,32762.655300000002
2010-08-02,34877.0898
2010-08-03,37462.3797
2010-08-04,36499.2741
2010-08-05,35012.2506
2010-08-06,34794.7368
2010-08-07,34089.6423
2010-08-08,29947.4562
2010-08-09,29169.8111125
2010-08-10,32306.4027
2010-08-11,31681.1142
2010-08-12,30779.2215
2010-08-13,32852.6493
2010-08-14,35612.0691
2010-08-15,31779.1737
2010-08-16,33005.2995
2010-08-17,34780.4736
2010-08-18,30337.1472
2010-08-19,31378.1061
2010-08-20,31402.642200000002
2010-08-21,29691.7374
2010-08-22,28001.2935
2010-08-23,26824.9191
2010-08-24,27967.5882
2010-08-25,30910.137300000002
2010-08-26,30676.7472
2010-08-27,30872.3568
2010-08-28,30645.0795
2010-08-29,27518.2125
2010-08-30,26225.4402
2010-08-31,29525.9277
2010-09-01,27607.8669
2010-09-02,31049.7978
2010-09-03,33559.6965
2010-09-04,31798.1913
2010-09-05,33596.7978
2010-09-06,31861.526700000002
2010-09-07,32786.5971
2010-09-08,33918.8235
2010-09-09,33892.2498
2010-09-10,33439.2234
2010-09-11,31196.4201
2010-09-12,30879.4035
2010-09-13,30226.097999999998
2010-09-14,33561.819
2010-09-15,32053.995
2010-09-16,30034.224000000002
2010-09-17,28666.9944
2010-09-18,29174.7813
2010-09-19,23984.8443
2010-09-20,26244.5427
2010-09-21,27419.3889
2010-09-22,28946.7399
2010-09-23,29210.1846
2010-09-24,27587.5758
2010-09-25,27200.6016
2010-09-26,24959.751
2010-09-27,26033.396399999998
2010-09-28,30603.1389
2010-09-29,31979.4528
2010-09-30,31113.218100000002
2010-10-01,30128.463
2010-10-02,30066.0615
2010-10-03,27129.5403
2010-10-04,25850.8614
2010-10-05,30262.0956
2010-10-06,29736.5646
2010-10-07,30566.1225
2010-10-08,33175.3542
2010-10-09,32968.5378
2010-10-10,29243.3805
2010-10-11,23745.4263
2010-10-12,29009.481
2010-10-13,31128.8397
2010-10-14,30838.7364
2010-10-15,29897.9595
2010-10-16,29728.1595
2010-10-17,27420.6624
2010-10-18,26603.839500000002
2010-10-19,30999.621900000002
2010-10-20,31423.6125
2010-10-21,34201.4556
2010-10-22,34862.1474
2010-10-23,33803.4444
2010-10-24,29694.3693
2010-10-25,27319.8861
2010-10-26,28096.721100000002
2010-10-27,34714.4214
2010-10-28,36537.564
2010-10-29,34814.2638
2010-10-30,34414.5546
2010-10-31,31370.9745
2010-11-01,29516.7585
2010-11-02,32865.3843
2010-11-03,31539.0765
2010-11-04,31523.37
2010-11-05,35689.4979
2010-11-06,36110.347200000004
2010-11-07,30987.8208
2010-11-08,28754.3565
2010-11-09,33589.3266
2010-11-10,34804.2456
2010-11-11,36028.0791
2010-11-12,35861.505300000004
2010-11-13,32890.5996
2010-11-14,32114.274
2010-11-15,32749.8354
2010-11-16,37537.686
2010-11-17,38140.6458
2010-11-18,35152.845
2010-11-19,35355.2466
2010-11-20,30861.4047
2010-11-21,28305.8298
2010-11-22,29010.2451
2010-11-23,36670.857
2010-11-24,39738.8883
2010-11-25,39900.8775
2010-11-26,37359.9903
2010-11-27,29681.294700000002
2010-11-28,30352.1745
2010-11-29,28948.6077
2010-11-30,31067.1174
2010-12-01,32294.6865
2010-12-02,30093.9936
2010-12-03,33767.022300000004
2010-12-04,34604.8155
2010-12-05,33265.6029
2010-12-06,34334.1543
2010-12-07,38902.1139
2010-12-08,39321.9444
2010-12-09,36553.0158
2010-12-10,32621.0421
2010-12-11,32647.7007
2010-12-12,31275.9714
2010-12-13,31890.6474
2010-12-14,35789.6799
2010-12-15,33895.1364
2010-12-16,34813.4997
2010-12-17,36927.9342
2010-12-18,33473.2683
2010-12-19,29481.3552
2010-12-20,27369.4677
2010-12-21,32915.5602
2010-12-22,32995.6209
2010-12-23,33121.6974
2010-12-24,34433.2326
2010-12-25,35551.4505
2010-12-26,31679.0766
2010-12-27,33017.4402
2010-12-28,37790.8578
2010-12-29,38728.1538
2010-12-30,39976.6083
2010-12-31,40524.468
2011-01-01,40276.56
2011-01-02,36387.1212
2011-01-03,31522.521
2011-01-04,38645.2914
2011-01-05,40440.8415
2011-01-06,43513.7121
2011-01-07,42914.7426
2011-01-08,40970.7873
2011-01-09,36199.0677
2011-01-10,33638.4837
2011-01-11,38575.3338
2011-01-12,35464.6827
2011-01-13,34915.0401
2011-01-14,36253.149
2011-01-15,37563.2409
2011-01-16,30763.5999
2011-01-17,29421.9252
2011-01-18,36685.7994
2011-01-19,36917.1519
2011-01-20,39353.697
2011-01-21,41782.7709
2011-01-22,39920.3196
2011-01-23,36716.448300000004
2011-01-24,31492.806
2011-01-25,34153.0626
2011-01-26,38993.9757
2011-01-27,40593.237
2011-01-28,37804.6116
2011-01-29,31670.6715
2011-01-30,29059.9965
2011-01-31,29812.4652
2011-02-01,31736.469
2011-02-02,35278.8366
2011-02-03,38528.2143
2011-02-04,37650.7728
2011-02-05,38649.5364
2011-02-06,35233.8396
2011-02-07,32596.5909
2011-02-08,35757.6726
2011-02-09,32651.0118
2011-02-10,32113.425
2011-02-11,32376.9546
2011-02-12,32041.3449
2011-02-13,27743.5371
2011-02-14,26437.1808
2011-02-15,30662.9934
2011-02-16,32035.9113
2011-02-17,33432.6861
2011-02-18,31188.015
2011-02-19,34460.7402
2011-02-20,31927.1544
2011-02-21,30336.1284
2011-02-22,35587.193400000004
2011-02-23,36080.6322
2011-02-24,35969.0736
2011-02-25,33433.0257
2011-02-26,29950.173
2011-02-27,26477.8479
2011-02-28,26057.1684
2011-03-01,31267.2267
2011-03-02,32330.3445
2011-03-03,32801.964
2011-03-04,34095.5853
2011-03-05,34128.6114
2011-03-06,33182.2311
2011-03-07,32417.7066
2011-03-08,36549.0255
2011-03-09,33729.5814
2011-03-10,29442.7257
2011-03-11,29466.6675
2011-03-12,28846.7277
2011-03-13,27711.1902
2011-03-14,25530.1092
2011-03-15,30565.1037
2011-03-16,30967.4448
2011-03-17,29546.898
2011-03-18,31979.7075
2011-03-19,30961.8414
2011-03-20,27254.4282
2011-03-21,26835.2769
2011-03-22,30871.5927
2011-03-23,31537.8879
2011-03-24,31350.0042
2011-03-25,31274.3583
2011-03-26,30390.719100000002
2011-03-27,27724.519500000002
2011-03-28,26990.559
2011-03-29,32372.7945
2011-03-30,32708.658900000002
2011-03-31,29675.8611
2011-04-01,29959.3422
2011-04-02,32182.6185
2011-04-03,30248.6814
2011-04-04,29556.2688375
2011-04-05,32698.9803
2011-04-06,32058.5796
2011-04-07,31359.852600000002
2011-04-08,34959.3579
2011-04-09,33363.6624
2011-04-10,31301.6961
2011-04-11,30142.3866
2011-04-12,32094.2376
2011-04-13,31969.7742
2011-04-14,31775.607900000003
2011-04-15,34442.9961
2011-04-16,35444.5614
2011-04-17,32490.1263
2011-04-18,30676.6623
2011-04-19,32010.9507
2011-04-20,30161.574
2011-04-21,31099.9737
2011-04-22,27445.0287
2011-04-23,27210.9594
2011-04-24,32776.9185
2011-04-25,30253.8603
2011-04-26,34044.8151
2011-04-27,34831.4136
2011-04-28,36657.8673
2011-04-29,36145.9203
2011-04-30,36922.755300000004
2011-05-01,33468.9384
2011-05-02,31325.8926
2011-05-03,37681.3368
2011-05-04,38026.1157
2011-05-05,39976.2687
2011-05-06,38722.380600000004
2011-05-07,39131.3439
2011-05-08,31271.1321
2011-05-09,29791.4949
2011-05-10,33529.1325
2011-05-11,32985.5178
2011-05-12,32690.5752
2011-05-13,35851.4871
2011-05-14,36223.5189
2011-05-15,36148.9767
2011-05-16,35861.844900000004
2011-05-17,39594.7281
2011-05-18,40583.2188
2011-05-19,37819.8936
2011-05-20,38252.8836
2011-05-21,36324.7197
2011-05-22,32562.0366
2011-05-23,31641.2112
2011-05-24,33251.085
2011-05-25,29332.1859
2011-05-26,33313.9959
2011-05-27,32609.241
2011-05-28,34668.915
2011-05-29,31895.5716
2011-05-30,32816.0574
2011-05-31,30139.6698
2011-06-01,35262.0175
2011-06-02,46138.63
2011-06-03,44747.8
2011-06-04,44878.1325
2011-06-05,37333.185
2011-06-06,33733.1775
2011-06-07,35180.71
2011-06-08,33871.28
2011-06-09,35584.6575
2011-06-10,37425.9625
2011-06-11,37677.1925
2011-06-12,35629.335
2011-06-13,36006.92
2011-06-14,42010.54
2011-06-15,43837.23
2011-06-16,43904.1075
2011-06-17,42204.1425
2011-06-18,41055.385
2011-06-19,37424.1125
2011-06-20,44621.445
2011-06-21,47041.985
2011-06-22,44527.835
2011-06-23,43971.6325
2011-06-24,46317.8025
2011-06-25,47390.340000000004
2011-06-26,39259.22
2011-06-27,38113.7
2011-06-28,39777.6825
2011-06-29,37993.3575
2011-06-30,42961.995
2011-07-01,41345.0025
2011-07-02,41772.815
2011-07-03,38058.4775
2011-07-04,33357.9975
2011-07-05,38293.15
2011-07-06,36400.8775
2011-07-07,36370.5375
2011-07-08,39812.0
2011-07-09,39240.72
2011-07-10,35952.4375
2011-07-11,39089.76
2011-07-12,44441.07
2011-07-13,44497.5875
2011-07-14,43506.9125
2011-07-15,41867.9975
2011-07-16,40459.4075
2011-07-17,36540.3675
2011-07-18,34318.24
2011-07-19,37509.7675
2011-07-20,41929.6025
2011-07-21,43870.8075
2011-07-22,43288.6125
2011-07-23,41921.832500000004
2011-07-24,34890.63
2011-07-25,36707.4225
2011-07-26,40860.3025
2011-07-27,41190.065
2011-07-28,44668.065
2011-07-29,42973.095
2011-07-30,42861.17
2011-07-31,36781.2375
2011-08-01,34862.7875
2011-08-02,34226.0175
2011-08-03,36247.5125
2011-08-04,36296.075
2011-08-05,39352.7375
2011-08-06,38767.2125
2011-08-07,39924.2025
2011-08-08,38594.84645833333
2011-08-09,37954.785
2011-08-10,38776.37
2011-08-11,38026.2875
2011-08-12,34981.1875
2011-08-13,34077.6475
2011-08-14,33840.4775
2011-08-15,32385.73
2011-08-16,38965.1625
2011-08-17,37779.035
2011-08-18,36459.985
2011-08-19,36044.1975
2011-08-20,35830.7075
2011-08-21,33612.7425
2011-08-22,30589.8425
2011-08-23,37000.555
2011-08-24,37741.3875
2011-08-25,31132.54
2011-08-26,35906.3725
2011-08-27,35725.0725
2011-08-28,32858.775
2011-08-29,32204.5225
2011-08-30,35778.7225
2011-08-31,32964.6875
2011-09-01,33709.22
2011-09-02,36823.14
2011-09-03,35421.21
2011-09-04,30412.0575
2011-09-05,30546.645
2011-09-06,33877.94
2011-09-07,34078.3875
2011-09-08,31998.6175
2011-09-09,32591.1725
2011-09-10,33038.3175
2011-09-11,30702.1375
2011-09-12,30670.595
2011-09-13,35535.0775
2011-09-14,36444.1675
2011-09-15,35458.58
2011-09-16,34306.03
2011-09-17,33033.97
2011-09-18,29771.68
2011-09-19,28172.91
2011-09-20,33118.33
2011-09-21,33384.729999999996
2011-09-22,33303.145
2011-09-23,33520.9825
2011-09-24,33543.275
2011-09-25,30159.1625
2011-09-26,28486.67
2011-09-27,31440.01
2011-09-28,33304.7175
2011-09-29,34582.6975
2011-09-30,33248.57
2011-10-01,32945.0775
2011-10-02,29835.0425
2011-10-03,28467.8925
2011-10-04,32771.825
2011-10-05,33310.545
2011-10-06,33785.7175
2011-10-07,33820.775
2011-10-08,31518.9125
2011-10-09,29705.1725
2011-10-10,27702.1775
2011-10-11,32237.175
2011-10-12,32256.415
2011-10-13,33256.525
2011-10-14,33346.7125
2011-10-15,31471.275
2011-10-16,30082.48
2011-10-17,28428.395
2011-10-18,32847.9525
2011-10-19,31834.8925
2011-10-20,33199.915
2011-10-21,33524.405
2011-10-22,31129.95
2011-10-23,28839.9275
2011-10-24,26941.55
2011-10-25,28640.22
2011-10-26,34538.205
2011-10-27,31942.5625
2011-10-28,32587.1025
2011-10-29,34836.8875
2011-10-30,32167.8925
2011-10-31,30369.1375
2011-11-01,34030.195
2011-11-02,33598.59
2011-11-03,35327.6
2011-11-04,39394.64
2011-11-05,43156.3375
2011-11-06,37391.46
2011-11-07,39129.35
2011-11-08,44328.22
2011-11-09,39130.9225
2011-11-10,39607.945
2011-11-11,38129.7025
2011-11-12,41755.7025
2011-11-13,34270.695
2011-11-14,34269.4
2011-11-15,37682.3725
2011-11-16,32094.6325
2011-11-17,34246.3675
2011-11-18,35006.995
2011-11-19,35804.6225
2011-11-20,33800.24
2011-11-21,30777.895
2011-11-22,35852.815
2011-11-23,33943.06
2011-11-24,37788.47
2011-11-25,39351.165
2011-11-26,40089.2225
2011-11-27,35096.905
2011-11-28,33105.935
2011-11-29,33957.675
2011-11-30,34279.205
2011-12-01,35756.8
2011-12-02,35309.1
2011-12-03,30566.81
2011-12-04,31420.4925
2011-12-05,32332.9125
2011-12-06,38906.61
2011-12-07,40814.7
2011-12-08,37875.05
2011-12-09,37051.8925
2011-12-10,37842.027500000004
2011-12-11,38469.5475
2011-12-12,32511.345
2011-12-13,36735.635
2011-12-14,38941.2975
2011-12-15,39841.045
2011-12-16,37262.145
2011-12-17,42174.1725
2011-12-18,39066.08
2011-12-19,38909.2
2011-12-20,43045.8925
2011-12-21,42039.4925
2011-12-22,38757.2225
2011-12-23,36696.3225
2011-12-24,38275.205
2011-12-25,37827.9675
2011-12-26,34470.865
2011-12-27,39169.2175
2011-12-28,40189.955
2011-12-29,42947.8425
2011-12-30,40879.82
2011-12-31,42364.075
2012-01-01,38261.0525
2012-01-02,35455.5275
2012-01-03,40135.4725
2012-01-04,39020.2925
2012-01-05,39767.5075
2012-01-06,36863.7475
2012-01-07,34101.05
2012-01-08,33273.175
2012-01-09,30661.4375
2012-01-10,32135.7025
2012-01-11,34753.729999999996
2012-01-12,36989.9175
2012-01-13,35799.535
2012-01-14,36553.78
2012-01-15,31805.4775
2012-01-16,32954.05
2012-01-17,35703.89
2012-01-18,39741.7
2012-01-19,33801.4425
2012-01-20,40227.14
2012-01-21,38830.39
2012-01-22,37696.2475
2012-01-23,36863.1
2012-01-24,38853.792499999996
2012-01-25,37337.255
2012-01-26,36543.5125
2012-01-27,36168.3325
2012-01-28,38145.335
2012-01-29,33703.2075
2012-01-30,31091.747499999998
2012-01-31,34584.3625
2012-02-01,40596.03
2012-02-02,39757.3325
2012-02-03,41299.8625
2012-02-04,37461.945
2012-02-05,32861.365
2012-02-06,32088.99
2012-02-07,35696.3975
2012-02-08,34178.01
2012-02-09,34512.5825
2012-02-10,35696.675
2012-02-11,37327.9125
2012-02-12,34033.4325
2012-02-13,35391.3325
2012-02-14,31573.95
2012-02-15,31465.2625
2012-02-16,32448.5375
2012-02-17,31698.085
2012-02-18,34063.68
2012-02-19,31814.9125
2012-02-20,31140.5875
2012-02-21,30731.5525
2012-02-22,35360.0675
2012-02-23,34953.2525
2012-02-24,34787.215
2012-02-25,33457.5275
2012-02-26,29411.9475
2012-02-27,30114.855
2012-02-28,34090.5975
2012-02-29,32016.7475
2012-03-01,32277.5975
2012-03-02,32912.61
2012-03-03,32734.27
2012-03-04,29739.767499999998
2012-03-05,29050.0875
2012-03-06,33017.69
2012-03-07,33286.68
2012-03-08,33482.595
2012-03-09,31779.9475
2012-03-10,32664.6175
2012-03-11,30165.822500000002
2012-03-12,25561.1725
2012-03-13,30431.945
2012-03-14,30866.14
2012-03-15,34212.605
2012-03-16,31715.29
2012-03-17,30727.39
2012-03-18,30052.695
2012-03-19,29287.6275
2012-03-20,35697.415
2012-03-21,33040.815
2012-03-22,35722.2975
2012-03-23,35994.2475
2012-03-24,33299.26
2012-03-25,29917.9225
2012-03-26,30482.08
2012-03-27,35010.14
2012-03-28,35421.58
2012-03-29,36648.7775
2012-03-30,36176.38
2012-03-31,35497.615
2012-04-01,30174.425
2012-04-02,30078.174895833334
2012-04-03,33370.5775
2012-04-04,33791.175
2012-04-05,33716.435
2012-04-06,33450.4975
2012-04-07,32968.9425
2012-04-08,31402.64
2012-04-09,32834.2625
2012-04-10,37197.8575
2012-04-11,35495.395
2012-04-12,36322.9925
2012-04-13,35006.81
2012-04-14,33556.595
2012-04-15,30953.5525
2012-04-16,34828.285
2012-04-17,38261.9775
2012-04-18,38083.2675
2012-04-19,42720.755
2012-04-20,38492.21
2012-04-21,41746.175
2012-04-22,39112.885
2012-04-23,37997.89
2012-04-24,40246.38
2012-04-25,40130.6625
2012-04-26,37412.18
2012-04-27,34048.51
2012-04-28,32038.5775
2012-04-29,34758.2625
2012-04-30,35389.02
2012-05-01,40049.91
2012-05-02,42457.5
2012-05-03,41850.33
2012-05-04,40476.705
2012-05-05,39727.3625
2012-05-06,42850.625
2012-05-07,39085.69
2012-05-08,43322.8375
2012-05-09,39991.5425
2012-05-10,36372.0175
2012-05-11,40447.7525
2012-05-12,39842.525
2012-05-13,40398.3575
2012-05-14,36342.51
2012-05-15,37538.4425
2012-05-16,39843.7275
2012-05-17,40167.015
2012-05-18,39836.1425
2012-05-19,37550.2825
2012-05-20,36215.5075
2012-05-21,38446.2375
2012-05-22,45116.4125
2012-05-23,43813.6425
2012-05-24,33083.2725
2012-05-25,32845.5475
2012-05-26,35573.65
2012-05-27,27837.135
2012-05-28,29889.0625
2012-05-29,33984.0375
2012-05-30,34323.975
2012-05-31,35725.8125
2012-06-01,42913.7772
2012-06-02,37798.0029
2012-06-03,35531.6892
2012-06-04,36356.0435
2012-06-05,42406.100099999996
2012-06-06,43162.2779
2012-06-07,43531.0652
2012-06-08,48426.5607
2012-06-09,47456.5518
2012-06-10,43162.7007
2012-06-11,40415.7691
2012-06-12,45278.709
2012-06-13,48691.2335
2012-06-14,49361.3715
2012-06-15,51646.8169
2012-06-16,57960.4893
2012-06-17,53850.979
2012-06-18,45112.5486
2012-06-19,49552.5828
2012-06-20,53611.7799
2012-06-21,49522.9868
2012-06-22,49526.6863
2012-06-23,42758.820999999996
2012-06-24,41612.8216
2012-06-25,47181.309
2012-06-26,47659.918600000005
2012-06-27,49745.1682
2012-06-28,44835.4032
2012-06-29,47691.6286
2012-06-30,48341.7893
2012-07-01,47042.842
2012-07-02,40618.8188
2012-07-03,45212.3294
2012-07-04,49009.4962
2012-07-05,51214.1868
2012-07-06,53744.5391
2012-07-07,48173.3035
2012-07-08,39563.7214
2012-07-09,36049.7249
2012-07-10,42396.270000000004
2012-07-11,38943.7909
2012-07-12,38397.9561
2012-07-13,37995.1334
2012-07-14,37248.68
2012-07-15,35803.5496
2012-07-16,37092.9839
2012-07-17,44584.9999
2012-07-18,45634.6009
2012-07-19,42676.1636
2012-07-20,45987.2161
2012-07-21,47489.2131
2012-07-22,43422.1942
2012-07-23,43363.2136
2012-07-24,48937.1974
2012-07-25,47866.8792
2012-07-26,43440.7974
2012-07-27,37956.2358
2012-07-28,38385.4835
2012-07-29,37029.0354
2012-07-30,40610.6799
2012-07-31,49406.0826
2012-08-01,49988.8067
2012-08-02,44417.9939
2012-08-03,42105.595
2012-08-04,36843.849
2012-08-05,31493.2093
2012-08-06,32155.397779166666
2012-08-07,36772.5015
2012-08-08,36373.8011
2012-08-09,37885.2054
2012-08-10,40817.8519
2012-08-11,42155.6968
2012-08-12,38586.736300000004
2012-08-13,35259.5117
2012-08-14,37923.5745
2012-08-15,34335.7994
2012-08-16,33623.6985
2012-08-17,35197.7829
2012-08-18,37185.26
2012-08-19,34694.0167
2012-08-20,32613.1008
2012-08-21,34281.0468
2012-08-22,37702.8729
2012-08-23,35953.6436
2012-08-24,37253.0137
2012-08-25,34648.7771
2012-08-26,31128.0158
2012-08-27,33232.7142
2012-08-28,38165.4161
2012-08-29,36507.0888
2012-08-30,35770.2541
2012-08-31,36288.0784
2012-09-01,35880.1821
2012-09-02,33646.2126
2012-09-03,31102.1193
2012-09-04,37994.0764
2012-09-05,42677.0092
2012-09-06,40159.7637
2012-09-07,37268.0231
2012-09-08,32463.1125
2012-09-09,31860.3054
2012-09-10,31512.5524
2012-09-11,35287.7336
2012-09-12,37547.811
2012-09-13,38032.3398
2012-09-14,34746.3382
2012-09-15,31856.8173
2012-09-16,30857.3181
2012-09-17,29944.5986
2012-09-18,35426.0949
2012-09-19,37042.565
2012-09-20,37611.3367
2012-09-21,36367.4591
2012-09-22,34589.5851
2012-09-23,30856.2611
2012-09-24,31405.0555
2012-09-25,37332.6058
2012-09-26,36534.8879
2012-09-27,35190.4896
2012-09-28,33734.7892
2012-09-29,34331.8885
2012-09-30,27914.5244
2012-10-01,28459.8307
2012-10-02,33972.191399999996
2012-10-03,34232.2134
2012-10-04,34438.0113
2012-10-05,34429.9781
2012-10-06,33759.6287
2012-10-07,30610.4029
2012-10-08,27638.7531
2012-10-09,33505.7373
2012-10-10,29843.4437
2012-10-11,34872.544
2012-10-12,33896.1931
2012-10-13,33463.0345
2012-10-14,32424.0035
2012-10-15,29410.6022
2012-10-16,34234.116
2012-10-17,33806.7709
2012-10-18,35310.0363
2012-10-19,35371.448
2012-10-20,36708.7644
2012-10-21,33346.236
2012-10-22,28796.3795
2012-10-23,30269.2033
2012-10-24,35582.6366
2012-10-25,36788.7793
2012-10-26,38113.0946
2012-10-27,33891.8594
2012-10-28,30253.0312
2012-10-29,30794.9551
2012-10-30,35533.8032
2012-10-31,38430.8288
2012-11-01,36369.0446
2012-11-02,34702.367
2012-11-03,33766.922
2012-11-04,30466.8623
2012-11-05,32596.6116
2012-11-06,38957.5319
2012-11-07,39314.5865
2012-11-08,37854.0239
2012-11-09,37239.8012
2012-11-10,36273.4918
2012-11-11,31995.39
2012-11-12,31677.8672
2012-11-13,36247.5953
2012-11-14,36670.9238
2012-11-15,39023.2773
2012-11-16,39287.5273
2012-11-17,39627.6699
2012-11-18,39633.1663
2012-11-19,35762.8551
2012-11-20,41876.9659
2012-11-21,42884.0755
2012-11-22,43802.1857
2012-11-23,44577.4952
2012-11-24,43212.4854
2012-11-25,38680.2808
2012-11-26,33281.759
2012-11-27,36286.0701
2012-11-28,36299.8111
2012-11-29,34977.187
2012-11-30,32890.0348
2012-12-01,30953.7165
2012-12-02,28708.0143
2012-12-03,29382.3803
2012-12-04,35731.5679
2012-12-05,35916.86
2012-12-06,36684.5591
2012-12-07,38830.4805
2012-12-08,39616.9942
2012-12-09,37141.5002
2012-12-10,35777.1246
2012-12-11,39526.9378
2012-12-12,37245.8261
2012-12-13,38025.0465
2012-12-14,42996.7517
2012-12-15,39432.7591
2012-12-16,32665.4223
2012-12-17,31554.3039
2012-12-18,32046.5488
2012-12-19,37119.9374
2012-12-20,35216.4918
2012-12-21,38944.3194
2012-12-22,37130.9302
2012-12-23,33225.4209
2012-12-24,32730.6392
2012-12-25,39498.7159
2012-12-26,42509.6861
2012-12-27,40475.4896
2012-12-28,39782.2033
2012-12-29,38167.530099999996
2012-12-30,34730.906
2012-12-31,33639.9763
2013-01-01,39218.0824
2013-01-02,39894.1396
2013-01-03,37718.3051
2013-01-04,39374.5184
2013-01-05,38436.1138
2013-01-06,35237.7375
2013-01-07,40129.8506
2013-01-08,46276.7284
2013-01-09,44358.1677
2013-01-10,40075.098
2013-01-11,42084.6664
2013-01-12,42726.8996
2013-01-13,40663.0014
2013-01-14,41341.9125
2013-01-15,45423.518
2013-01-16,42315.4095
2013-01-17,42373.016
2013-01-18,44038.7423
2013-01-19,42183.3902
2013-01-20,35454.1054
2013-01-21,32359.2094
2013-01-22,38154.6347
2013-01-23,39184.6812
2013-01-24,42344.7941
2013-01-25,38263.8228
2013-01-26,38248.602
2013-01-27,36145.4891
2013-01-28,31243.5459
2013-01-29,35832.4057
2013-01-30,36318.6257
2013-01-31,35375.5703
2013-02-01,35805.2408
2013-02-02,36007.1278
2013-02-03,33826.9596
2013-02-04,32418.8242
2013-02-05,31803.5445
2013-02-06,36370.313
2013-02-07,38842.3189
2013-02-08,36618.2852
2013-02-09,37325.4182
2013-02-10,33575.8164
2013-02-11,32161.8675
2013-02-12,36994.6829
2013-02-13,37702.0273
2013-02-14,36749.0361
2013-02-15,36914.3509
2013-02-16,36693.755
2013-02-17,33317.9084
2013-02-18,28134.486100000002
2013-02-19,36313.1293
2013-02-20,39939.5906
2013-02-21,40539.0153
2013-02-22,39371.5588
2013-02-23,33028.1847
2013-02-24,31374.2968
2013-02-25,31155.2864
2013-02-26,34657.1274
2013-02-27,35093.1399
2013-02-28,34173.2328
2013-03-01,35382.4408
2013-03-02,34626.7915
2013-03-03,31437.0826
2013-03-04,30649.934699999998
2013-03-05,34589.3737
2013-03-06,33877.6956
2013-03-07,34712.0914
2013-03-08,35808.5175
2013-03-09,35710.6393
2013-03-10,32226.0274
2013-03-11,31655.5645
2013-03-12,34267.94
2013-03-13,35678.1894
2013-03-14,35875.9541
2013-03-15,36595.5597
2013-03-16,37318.0192
2013-03-17,35605.2564
2013-03-18,34923.3857
2013-03-19,38713.3649
2013-03-20,34483.0395
2013-03-21,36501.8038
2013-03-22,35748.6913
2013-03-23,32294.9438
2013-03-24,32851.6657
2013-03-25,32997.5317
2013-03-26,36866.3631
2013-03-27,37166.4454
2013-03-28,36258.0596
2013-03-29,35777.1246
2013-03-30,33466.8397
2013-03-31,32029.214
2013-04-01,32627.69180416667
2013-04-02,37493.3755
2013-04-03,38016.8019
2013-04-04,36640.0594
2013-04-05,37026.1815
2013-04-06,38656.9211
2013-04-07,34987.2285
2013-04-08,32302.1314
2013-04-09,33196.8819
2013-04-10,35876.3769
2013-04-11,37538.6151
2013-04-12,39130.7742
2013-04-13,31291.9565
2013-04-14,33643.5701
2013-04-15,32231.3124
2013-04-16,36983.1616
2013-04-17,35728.2912
2013-04-18,37554.2587
2013-04-19,36130.0569
2013-04-20,36256.3684
2013-04-21,34379.3478
2013-04-22,35588.6615
2013-04-23,36751.6786
2013-04-24,37440.5255
2013-04-25,36875.3476
2013-04-26,31998.8781
2013-04-27,36233.1144
2013-04-28,36320.8454
2013-04-29,34525.5309
2013-04-30,39297.9916
2013-05-01,39886.5292
2013-05-02,41759.8503
2013-05-03,40421.794
2013-05-04,40108.7106
2013-05-05,42272.1782
2013-05-06,40599.2643
2013-05-07,45767.1487
2013-05-08,43253.814099999996
2013-05-09,42645.9334
2013-05-10,48180.8082
2013-05-11,49168.3633
2013-05-12,45088.5547
2013-05-13,40352.032
2013-05-14,39084.5833
2013-05-15,42191.0006
2013-05-16,46138.8956
2013-05-17,46678.5998
2013-05-18,43306.6641
2013-05-19,40757.0744
2013-05-20,38567.6046
2013-05-21,41922.311200000004
2013-05-22,43881.5664
2013-05-23,43776.5006
2013-05-24,38041.8528
2013-05-25,36300.2339
2013-05-26,37557.9582
2013-05-27,36196.4365
2013-05-28,44068.444
2013-05-29,45823.064
2013-05-30,45600.1427
2013-05-31,39682.5282
2013-06-01,40703.7148
2013-06-02,46124.1704
2013-06-03,48057.8644
2013-06-04,50862.7308
2013-06-05,50831.858
2013-06-06,49918.106
2013-06-07,47697.8544
2013-06-08,50949.3404
2013-06-09,41747.7956
2013-06-10,45017.308
2013-06-11,50921.99
2013-06-12,48284.2304
2013-06-13,45841.1352
2013-06-14,43945.048
2013-06-15,39566.7048
2013-06-16,39486.7256
2013-06-17,37862.692
2013-06-18,41559.7616
2013-06-19,40408.662
2013-06-20,39016.3816
2013-06-21,41970.5356
2013-06-22,41880.1964
2013-06-23,37868.908
2013-06-24,36951.7372
2013-06-25,40462.8448
2013-06-26,46154.7324
2013-06-27,46240.0988
2013-06-28,45054.2932
2013-06-29,46107.3872
2013-06-30,46965.9204
2013-07-01,42909.4624
2013-07-02,46420.051999999996
2013-07-03,44925.104
2013-07-04,43874.7036
2013-07-05,42419.538
2013-07-06,44927.176
2013-07-07,42160.4344
2013-07-08,41001.4612
2013-07-09,46859.4196
2013-07-10,46690.2408
2013-07-11,49757.6296
2013-07-12,45768.408
2013-07-13,46542.4036
2013-07-14,38532.2588
2013-07-15,40468.1284
2013-07-16,45323.964
2013-07-17,48738.4128
2013-07-18,46988.9196
2013-07-19,45879.9852
2013-07-20,41792.3436
2013-07-21,41178.2028
2013-07-22,37924.852
2013-07-23,41872.012
2013-07-24,40541.1664
2013-07-25,42171.8304
2013-07-26,47126.9148
2013-07-27,45388.6104
2013-07-28,41018.4516
2013-07-29,38906.462
2013-07-30,40883.9788
2013-07-31,41082.8908
2013-08-01,42978.46
2013-08-02,41330.2876
2013-08-03,41286.3612
2013-08-04,39592.1904
2013-08-05,37540.1852
2013-08-06,37404.4692
2013-08-07,38607.1616
2013-08-08,35173.754
2013-08-09,36923.1436
2013-08-10,32663.2152
2013-08-11,34515.4796
2013-08-12,34867.37858333333
2013-08-13,37373.0784
2013-08-14,36982.4028
2013-08-15,37288.8516
2013-08-16,36510.5048
2013-08-17,34503.7728
2013-08-18,31646.174
2013-08-19,31699.9424
2013-08-20,36994.9384
2013-08-21,39480.8204
2013-08-22,35893.6704
2013-08-23,35571.7852
2013-08-24,38822.3388
2013-08-25,35274.5568
2013-08-26,34483.9852
2013-08-27,37581.5216
2013-08-28,35926.5116
2013-08-29,36688.904
2013-08-30,34809.6
2013-08-31,32322.682
2013-09-01,28398.6248
2013-09-02,28760.6032
2013-09-03,31291.862
2013-09-04,34279.168
2013-09-05,35662.0208
2013-09-06,34878.5976
2013-09-07,31957.8028
2013-09-08,32914.9632
2013-09-09,29521.2344
2013-09-10,31834.208
2013-09-11,33174.6884
2013-09-12,34662.488
2013-09-13,35323.3524
2013-09-14,32589.1412
2013-09-15,30850.008
2013-09-16,28422.5564
2013-09-17,33256.9468
2013-09-18,34223.742
2013-09-19,33870.6732
2013-09-20,34309.212
2013-09-21,33785.6176
2013-09-22,30056.8464
2013-09-23,30283.626800000002
2013-09-24,33151.2748
2013-09-25,35549.7184
2013-09-26,34828.5588
2013-09-27,34362.3588
2013-09-28,34932.7804
2013-09-29,32214.7308
2013-09-30,32019.8592
2013-10-01,35955.7268
2013-10-02,35682.7408
2013-10-03,36105.0144
2013-10-04,34559.095199999996
2013-10-05,34352.724
2013-10-06,31900.0976
2013-10-07,30040.892
2013-10-08,35118.2244
2013-10-09,34182.7164
2013-10-10,35248.9676
2013-10-11,34791.3664
2013-10-12,33233.5332
2013-10-13,32658.6568
2013-10-14,29691.0348
2013-10-15,31398.052
2013-10-16,33446.742
2013-10-17,34401.001599999996
2013-10-18,35433.79
2013-10-19,35006.44
2013-10-20,32621.7752
2013-10-21,32935.6832
2013-10-22,39200.0644
2013-10-23,38511.228
2013-10-24,39516.3552
2013-10-25,42292.2136
2013-10-26,40726.8176
2013-10-27,35338.167199999996
2013-10-28,36400.4816
2013-10-29,34962.2028
2013-10-30,40054.4536
2013-10-31,41269.3708
2013-11-01,40900.5548
2013-11-02,39915.2152
2013-11-03,38371.0572
2013-11-04,35309.7808
2013-11-05,36190.2772
2013-11-06,36227.884
2013-11-07,37240.574
2013-11-08,39878.4372
2013-11-09,40152.77
2013-11-10,38661.3444
2013-11-11,36378.104
2013-11-12,37659.2216
2013-11-13,42260.2012
2013-11-14,43470.6636
2013-11-15,39575.718
2013-11-16,41869.8364
2013-11-17,40188.7192
2013-11-18,38984.9908
2013-11-19,40989.4436
2013-11-20,44937.536
2013-11-21,45897.5972
2013-11-22,44670.4552
2013-11-23,41745.4128
2013-11-24,41542.046
2013-11-25,41843.3148
2013-11-26,42116.3008
2013-11-27,39150.8544
2013-11-28,38191.4148
2013-11-29,37017.4196
2013-11-30,34824.621999999996
2013-12-01,33755.988
2013-12-02,37353.2908
2013-12-03,42421.8172
2013-12-04,46270.4536
2013-12-05,45326.1396
2013-12-06,47328.8312
2013-12-07,41665.1228
2013-12-08,38474.8644
2013-12-09,39219.852
2013-12-10,42725.4688
2013-12-11,42246.6296
2013-12-12,37858.7552
2013-12-13,46479.9328
2013-12-14,43833.5744
2013-12-15,42079.1084
2013-12-16,40742.772
2013-12-17,43006.224799999996
2013-12-18,45125.6736
2013-12-19,43381.3604
2013-12-20,46802.1288
2013-12-21,49763.4312
2013-12-22,47015.752
2013-12-23,42558.0512
2013-12-24,44307.3372
2013-12-25,44376.9564
2013-12-26,45001.0428
2013-12-27,45693.0908
2013-12-28,41351.3184
2013-12-29,35371.4228
2013-12-30,35377.7424
2013-12-31,44241.654800000004
2014-01-01,41189.5988
2014-01-02,39957.0696
2014-01-03,45065.1712
2014-01-04,42433.8348
2014-01-05,36010.6348
2014-01-06,38007.1104
2014-01-07,43292.6788
2014-01-08,46907.5936
2014-01-09,47979.0248
2014-01-10,48108.5248
2014-01-11,45428.8072
2014-01-12,43431.71
2014-01-13,41720.9632
2014-01-14,44828.5488
2014-01-15,39185.0424
2014-01-16,40694.1836
2014-01-17,41617.8812
2014-01-18,44949.45
2014-01-19,36287.1432
2014-01-20,38476.9364
2014-01-21,39171.8852
2014-01-22,39700.6596
2014-01-23,40643.9376
2014-01-24,39259.9452
2014-01-25,38286.6232
2014-01-26,36915.6844
2014-01-27,38990.896
2014-01-28,41927.438
2014-01-29,43009.022
2014-01-30,43453.1552
2014-01-31,42226.324
2014-02-01,41090.5572
2014-02-02,31714.4464
2014-02-03,28692.7452
2014-02-04,32081.0868
2014-02-05,38661.758799999996
2014-02-06,38388.6692
2014-02-07,36198.2544
2014-02-08,35624.2068
2014-02-09,32654.409200000002
2014-02-10,32561.3764
2014-02-11,36257.5136
2014-02-12,37906.9292
2014-02-13,34128.5336
2014-02-14,36040.6788
2014-02-15,36084.190800000004
2014-02-16,33156.9728
2014-02-17,33250.8344
2014-02-18,37674.347200000004
2014-02-19,39638.0852
2014-02-20,40957.742
2014-02-21,42075.6896
2014-02-22,42354.788
2014-02-23,34314.1848
2014-02-24,30247.056
2014-02-25,34505.8448
2014-02-26,34897.2456
2014-02-27,34879.3228
2014-02-28,33630.9428
2014-03-01,32314.6012
2014-03-02,29975.3132
2014-03-03,30661.8704
2014-03-04,33254.2532
2014-03-05,34158.0596
2014-03-06,35351.8424
2014-03-07,34906.7768
2014-03-08,31422.2944
2014-03-09,29267.3108
2014-03-10,29704.3992
2014-03-11,35681.8084
2014-03-12,35564.5332
2014-03-13,35135.2148
2014-03-14,33470.4664
2014-03-15,34737.1836
2014-03-16,32517.8644
2014-03-17,31064.3564
2014-03-18,33864.6644
2014-03-19,35415.4528
2014-03-20,35639.6432
2014-03-21,35921.8496
2014-03-22,35944.538
2014-03-23,33007.2708
2014-03-24,29458.9708
2014-03-25,33226.074
2014-03-26,34149.3572
2014-03-27,34240.1108
2014-03-28,35710.92
2014-03-29,35823.9476
2014-03-30,30028.1492
2014-03-31,32079.221999999998
2014-04-01,35463.523199999996
2014-04-02,38365.566399999996
2014-04-03,38461.9144
2014-04-04,37967.328
2014-04-05,39005.918
2014-04-06,35937.0788
2014-04-07,35535.693549999996
2014-04-08,37115.6324
2014-04-09,36184.7864
2014-04-10,37155.622
2014-04-11,37462.5888
2014-04-12,35611.464
2014-04-13,34531.2268
2014-04-14,31972.7212
2014-04-15,38578.568
2014-04-16,38956.6044
2014-04-17,38382.0388
2014-04-18,38901.3856
2014-04-19,39768.1032
2014-04-20,36851.038
2014-04-21,32970.3892
2014-04-22,36232.546
2014-04-23,36516.928
2014-04-24,40650.2572
2014-04-25,34075.2832
2014-04-26,33873.1596
2014-04-27,36739.3572
2014-04-28,36525.5268
2014-04-29,41646.5784
2014-04-30,39222.3384
2014-05-01,41429.847200000004
2014-05-02,45362.710399999996
2014-05-03,43788.3012
2014-05-04,43033.9896
2014-05-05,42615.5492
2014-05-06,44506.9744
2014-05-07,48058.0716
2014-05-08,47313.3948
2014-05-09,46805.8584
2014-05-10,45148.103
2014-05-11,39693.304
2014-05-12,41823.4236
2014-05-13,51282.518
2014-05-14,53714.7352
2014-05-15,47507.2304
2014-05-16,47914.482
2014-05-17,47329.8672
2014-05-18,45863.202
2014-05-19,45382.3944
2014-05-20,46453.722
2014-05-21,46889.0492
2014-05-22,45402.8036
2014-05-23,45177.7844
2014-05-24,40820.2648
2014-05-25,39895.842
2014-05-26,43100.19
2014-05-27,47491.4832
2014-05-28,47259.73
2014-05-29,44844.5032
2014-05-30,41688.9508
2014-05-31,36786.5988
2014-06-01,41825.8144
2014-06-02,46885.522
2014-06-03,52659.620800000004
2014-06-04,50387.992000000006
2014-06-05,55281.434
2014-06-06,52901.5072
2014-06-07,56529.5528
2014-06-08,56722.7364
2014-06-09,55119.926
2014-06-10,59745.0644
2014-06-11,56422.632000000005
2014-06-12,57932.7944
2014-06-13,60165.486000000004
2014-06-14,56087.3464
2014-06-15,53009.930400000005
2014-06-16,50428.056000000004
2014-06-17,55665.046800000004
2014-06-18,53513.484800000006
2014-06-19,52892.618
2014-06-20,53027.082800000004
2014-06-21,58972.079600000005
2014-06-22,58793.7948
2014-06-23,53132.000400000004
2014-06-24,59348.180400000005
2014-06-25,52018.471600000004
2014-06-26,53690.0168
2014-06-27,56373.052800000005
2014-06-28,52564.0932
2014-06-29,48970.853200000005
2014-06-30,45492.1712
2014-07-01,52481.2108
2014-07-02,52152.686
2014-07-03,51210.0552
2014-07-04,57406.704000000005
2014-07-05,55880.0152
2014-07-06,48593.876000000004
2014-07-07,48535.032
2014-07-08,52516.0164
2014-07-09,56719.606400000004
2014-07-10,60644.876800000005
2014-07-11,59865.2564
2014-07-12,58202.8508
2014-07-13,49913.3588
2014-07-14,45423.5616
2014-07-15,49822.714
2014-07-16,52215.6616
2014-07-17,50112.0512
2014-07-18,47207.4112
2014-07-19,44445.4992
2014-07-20,45005.3936
2014-07-21,47237.96
2014-07-22,49576.821200000006
2014-07-23,50707.502400000005
2014-07-24,50837.8356
2014-07-25,52560.086800000005
2014-07-26,48934.0444
2014-07-27,45803.168
2014-07-28,41211.7084
2014-07-29,47034.51
2014-07-30,47996.4216
2014-07-31,47311.9532
2014-08-01,50961.032400000004
2014-08-02,48880.9596
2014-08-03,42268.2712
2014-08-04,46747.3012
2014-08-05,51537.5784
2014-08-06,50442.2036
2014-08-07,50497.7924
2014-08-08,47896.3868
2014-08-09,52118.6316
2014-08-10,43745.1304
2014-08-11,41012.74995
2014-08-12,48653.2208
2014-08-13,49838.7396
2014-08-14,47468.954
2014-08-15,44543.1552
2014-08-16,41026.2872
2014-08-17,40058.2408
2014-08-18,41075.365600000005
2014-08-19,43582.9964
2014-08-20,43938.0636
2014-08-21,42419.7632
2014-08-22,45624.883200000004
2014-08-23,49864.1552
2014-08-24,46570.644
2014-08-25,46322.122
2014-08-26,50525.962400000004
2014-08-27,50058.5908
2014-08-28,48375.527200000004
2014-08-29,50601.458
2014-08-30,48033.1052
2014-08-31,44243.4264
2014-09-01,42332.624
2014-09-02,42315.847200000004
2014-09-03,46054.5696
2014-09-04,46883.5188
2014-09-05,44524.6256
2014-09-06,39772.0336
2014-09-07,37715.7488
2014-09-08,37712.118
2014-09-09,42235.9696
2014-09-10,41721.3976
2014-09-11,43687.5384
2014-09-12,41454.4712
2014-09-13,42191.2732
2014-09-14,37863.61
2014-09-15,39031.3504
2014-09-16,41132.2064
2014-09-17,44500.5872
2014-09-18,43332.2208
2014-09-19,39215.6448
2014-09-20,38492.74
2014-09-21,35226.7728
2014-09-22,36602.9712
2014-09-23,39467.6724
2014-09-24,41912.578
2014-09-25,41686.2164
2014-09-26,42768.6956
2014-09-27,41735.7956
2014-09-28,38986.2784
2014-09-29,35488.3156
2014-09-30,42546.3404
2014-10-01,44226.6496
2014-10-02,44356.2316
2014-10-03,44107.7096
2014-10-04,42422.8932
2014-10-05,38769.9328
2014-10-06,35445.4972
2014-10-07,41914.0804
2014-10-08,39291.1404
2014-10-09,44941.6668
2014-10-10,47652.6224
2014-10-11,39031.6008
2014-10-12,40574.0648
2014-10-13,37847.96
2014-10-14,42759.4308
2014-10-15,44504.844
2014-10-16,43134.1544
2014-10-17,39394.4304
2014-10-18,42581.146
2014-10-19,40851.508
2014-10-20,41826.816
2014-10-21,46199.300800000005
2014-10-22,45727.5472
2014-10-23,45345.8124
2014-10-24,44858.534
2014-10-25,41166.386
2014-10-26,40294.493200000004
2014-10-27,43052.7744
2014-10-28,45418.3032
2014-10-29,53026.8324
2014-10-30,49666.7148
2014-10-31,48291.142400000004
2014-11-01,42285.9244
2014-11-02,46239.3648
2014-11-03,46331.3868
2014-11-04,51815.647600000004
2014-11-05,50697.9872
2014-11-06,55939.36
2014-11-07,55638.3792
2014-11-08,50819.306
2014-11-09,46569.2668
2014-11-10,42596.6708
2014-11-11,44834.746
2014-11-12,44534.892
2014-11-13,43409.0936
2014-11-14,45833.5916
2014-11-15,45645.791600000004
2014-11-16,43372.5352
2014-11-17,39314.678
2014-11-18,47087.9704
2014-11-19,52241.327600000004
2014-11-20,50526.5884
2014-11-21,46725.0156
2014-11-22,43488.9712
2014-11-23,40572.0616
2014-11-24,40723.9292
2014-11-25,48024.216
2014-11-26,40861.6492
2014-11-27,46984.9308
2014-11-28,47253.9856
2014-11-29,47391.33
2014-11-30,46558.6248
2014-12-01,47371.298
2014-12-02,45125.9612
2014-12-03,50122.818400000004
2014-12-04,52831.0196
2014-12-05,53422.5896
2014-12-06,50399.385200000004
2014-12-07,45410.04
2014-12-08,49400.2892
2014-12-09,54691.3664
2014-12-10,52053.5276
2014-12-11,53193.098
2014-12-12,50259.036
2014-12-13,49607.37
2014-12-14,47426.0104
2014-12-15,48301.0332
2014-12-16,57040.7444
2014-12-17,58124.2252
2014-12-18,56630.5892
2014-12-19,62353.982
2014-12-20,61306.1832
2014-12-21,54159.3916
2014-12-22,51906.1672
2014-12-23,56112.762
2014-12-24,53898.7252
2014-12-25,54265.8116
2014-12-26,59012.394
2014-12-27,58764.498
2014-12-28,50820.0572
2014-12-29,49701.0196
2014-12-30,52659.12
2014-12-31,57887.7224
2015-01-01,54260.302800000005
2015-01-02,54929.8724
2015-01-03,55388.3548
2015-01-04,52308.6852
2015-01-05,50569.532
2015-01-06,50370.9648
2015-01-07,53922.1376
2015-01-08,50955.148
2015-01-09,46760.196800000005
2015-01-10,48371.020000000004
2015-01-11,44798.3128
2015-01-12,43197.0048
2015-01-13,47318.088
2015-01-14,47660.3848
2015-01-15,49452.998400000004
2015-01-16,49330.4276
2015-01-17,49136.3676
2015-01-18,48563.7028
2015-01-19,42507.4032
2015-01-20,48457.6584
2015-01-21,45775.8744
2015-01-22,50261.0392
2015-01-23,50903.690800000004
2015-01-24,49787.658
2015-01-25,45215.7296
2015-01-26,40444.4828
2015-01-27,46089.1248
2015-01-28,44622.1564
2015-01-29,46691.8376
2015-01-30,53646.0716
2015-01-31,52139.7904
2015-02-01,51747.7892
2015-02-02,44723.8188
2015-02-03,37639.2516
2015-02-04,38966.3716
2015-02-05,43227.3032
2015-02-06,41878.8992
2015-02-07,44087.5524
2015-02-08,37522.6904
2015-02-09,40200.0924
2015-02-10,44096.692
2015-02-11,45983.456000000006
2015-02-12,45833.4664
2015-02-13,40910.8528
2015-02-14,41033.2984
2015-02-15,36322.2728
2015-02-16,37230.2232
2015-02-17,42853.8316
2015-02-18,42137.312
2015-02-19,44713.0516
2015-02-20,44916.501599999996
2015-02-21,42722.4968
2015-02-22,38859.4508
2015-02-23,38585.7636
2015-02-24,44002.0408
2015-02-25,43718.9636
2015-02-26,41120.688
2015-02-27,43124.7644
2015-02-28,41960.5296
2015-03-01,39923.275200000004
2015-03-02,39106.0948
2015-03-03,43720.0904
2015-03-04,43252.4684
2015-03-05,38890.3752
2015-03-06,43072.3056
2015-03-07,42821.6552
2015-03-08,39388.7964
2015-03-09,37788.7404
2015-03-10,41037.43
2015-03-11,43224.4236
2015-03-12,42992.8036
2015-03-13,43064.0424
2015-03-14,36537.8672
2015-03-15,38783.955200000004
2015-03-16,36210.5944
2015-03-17,40467.144
2015-03-18,40824.9656
2015-03-19,43871.2068
2015-03-20,46370.0736
2015-03-21,43367.402
2015-03-22,41474.6284
2015-03-23,39996.8928
2015-03-24,43510.2552
2015-03-25,43997.2832
2015-03-26,39399.814
2015-03-27,41943.6276
2015-03-28,44350.9732
2015-03-29,41736.9224
2015-03-30,42888.0112
2015-03-31,46568.8912
2015-04-01,46845.8336
2015-04-02,45391.0096
2015-04-03,44840.38
2015-04-04,43806.854
2015-04-05,43256.2244
2015-04-06,40186.737733333335
2015-04-07,45224.118
2015-04-08,42890.8908
2015-04-09,44947.1756
2015-04-10,44346.8416
2015-04-11,48354.2432
2015-04-12,44083.4208
2015-04-13,40597.6024
2015-04-14,39347.229999999996
2015-04-15,43701.686
2015-04-16,44457.1428
2015-04-17,45106.0544
2015-04-18,47856.8236
2015-04-19,41763.8404
2015-04-20,39657.4756
2015-04-21,42502.270000000004
2015-04-22,45367.3468
2015-04-23,41644.024000000005
2015-04-24,41122.0652
2015-04-25,40906.3456
2015-04-26,38529.4236
2015-04-27,36326.654800000004
2015-04-28,45281.8352
2015-04-29,46703.356
2015-04-30,51266.3952
2015-05-01,51769.9496
2015-05-02,51156.5948
2015-05-03,47452.678
2015-05-04,44396.2956
2015-05-05,47382.3156
2015-05-06,48084.5624
2015-05-07,49989.355200000005
2015-05-08,51028.7656
2015-05-09,52758.1532
2015-05-10,50446.7108
2015-05-11,51065.574400000005
2015-05-12,51644.374
2015-05-13,51246.9892
2015-05-14,48435.3728
2015-05-15,47659.258
2015-05-16,44694.6472
2015-05-17,49465.268000000004
2015-05-18,47806.8688
2015-05-19,49657.9508
2015-05-20,49346.7036
2015-05-21,42592.0384
2015-05-22,44795.4332
2015-05-23,43932.3044
2015-05-24,41870.636
2015-05-25,38858.6996
2015-05-26,37849.462400000004
2015-05-27,48279.1232
2015-05-28,49750.9744
2015-05-29,50208.7056
2015-05-30,45691.239199999996
2015-05-31,40380.13
2015-06-01,42224.6214
2015-06-02,47138.1612
2015-06-03,55511.0608
2015-06-04,56771.5538
2015-06-05,46880.6858
2015-06-06,47759.181599999996
2015-06-07,43409.4726
2015-06-08,44797.1758
2015-06-09,46131.5998
2015-06-10,49480.7352
2015-06-11,49848.068400000004
2015-06-12,48743.5026
2015-06-13,57577.0962
2015-06-14,53129.3828
2015-06-15,50800.2508
2015-06-16,51381.5562
2015-06-17,47894.7014
2015-06-18,52121.2328
2015-06-19,55432.608400000005
2015-06-20,51536.3836
2015-06-21,49927.6206
2015-06-22,46135.0214
2015-06-23,48100.1196
2015-06-24,46293.1482
2015-06-25,49720.0028
2015-06-26,46420.4806
2015-06-27,46882.2744
2015-06-28,45322.147
2015-06-29,47272.7034
2015-06-30,50637.6026
2015-07-01,44679.4972
2015-07-02,44463.4476
2015-07-03,45449.9682
2015-07-04,45460.4774
2015-07-05,45113.185
2015-07-06,43247.313200000004
2015-07-07,49276.4168
2015-07-08,49580.328199999996
2015-07-09,51443.3894
2015-07-10,52156.9152
2015-07-11,52573.1284
2015-07-12,50549.252
2015-07-13,53466.2882
2015-07-14,53969.63
2015-07-15,49226.3148
2015-07-16,48102.197
2015-07-17,47082.0714
2015-07-18,46220.4392
2015-07-19,44119.5768
2015-07-20,45331.312
2015-07-21,45345.8538
2015-07-22,45901.619399999996
2015-07-23,46481.5806
2015-07-24,43552.2022
2015-07-25,43585.9294
2015-07-26,47991.1172
2015-07-27,41885.1498
2015-07-28,47358.4878
2015-07-29,46975.7574
2015-07-30,44151.8376
2015-07-31,43705.6854
2015-08-01,44064.5868
2015-08-02,40765.0646
2015-08-03,44777.9904
2015-08-04,45037.421
2015-08-05,45388.6238
2015-08-06,44824.793
2015-08-07,41610.322
2015-08-08,45265.8128
2015-08-09,41942.706
2015-08-10,40436.183666666664
2015-08-11,39176.098
2015-08-12,41171.5018
2015-08-13,37849.739199999996
2015-08-14,41447.4294
2015-08-15,40694.433
2015-08-16,35311.6452
2015-08-17,35630.8316
2015-08-18,41016.5522
2015-08-19,40146.7326
2015-08-20,42696.8022
2015-08-21,43305.4804
2015-08-22,41469.3032
2015-08-23,36493.0748
2015-08-24,33731.2326
2015-08-25,38648.9272
2015-08-26,41187.6322
2015-08-27,41577.5724
2015-08-28,36975.0316
2015-08-29,38899.192800000004
2015-08-30,36298.4102
2015-08-31,36008.063
2015-09-01,40234.5944
2015-09-02,39528.2784
2015-09-03,40439.646
2015-09-04,40632.111
2015-09-05,36024.6822
2015-09-06,37431.8152
2015-09-07,35087.0416
2015-09-08,38817.8076
2015-09-09,42718.676
2015-09-10,44914.4878
2015-09-11,40908.1608
2015-09-12,42313.0942
2015-09-13,38639.1512
2015-09-14,37039.1866
2015-09-15,40740.869
2015-09-16,41075.8192
2015-09-17,40906.6944
2015-09-18,40984.658
2015-09-19,40836.6738
2015-09-20,34540.3188
2015-09-21,38435.6882
2015-09-22,42302.585
2015-09-23,43361.9368
2015-09-24,42107.7982
2015-09-25,41127.2654
2015-09-26,40616.3472
2015-09-27,36099.5908
2015-09-28,36991.6508
2015-09-29,41917.7772
2015-09-30,41350.7692
2015-10-01,45270.7008
2015-10-02,48199.1016
2015-10-03,41917.5328
2015-10-04,39434.9176
2015-10-05,38018.9862
2015-10-06,43926.378600000004
2015-10-07,41077.2856
2015-10-08,40817.7328
2015-10-09,39004.2848
2015-10-10,40799.0362
2015-10-11,35665.5364
2015-10-12,35726.6364
2015-10-13,41346.2478
2015-10-14,42745.6822
2015-10-15,42911.0188
2015-10-16,41428.3662
2015-10-17,41588.8148
2015-10-18,40183.148199999996
2015-10-19,40659.606
2015-10-20,45306.872
2015-10-21,41021.0736
2015-10-22,36532.6676
2015-10-23,46384.065
2015-10-24,48170.7512
2015-10-25,41906.4126
2015-10-26,45961.7418
2015-10-27,47563.4172
2015-10-28,47571.3602
2015-10-29,44889.3146
2015-10-30,42471.4654
2015-10-31,41230.4022
2015-11-01,36222.7684
2015-11-02,35209.1194
2015-11-03,40701.765
2015-11-04,39753.3708
2015-11-05,40260.1342
2015-11-06,43430.0022
2015-11-07,44625.2404
2015-11-08,43283.7288
2015-11-09,40410.318
2015-11-10,45505.3248
2015-11-11,49333.239799999996
2015-11-12,43755.6652
2015-11-13,43429.1468
2015-11-14,43722.0602
2015-11-15,45525.9766
2015-11-16,40947.1426
2015-11-17,47653.9674
2015-11-18,53667.4294
2015-11-19,54910.9366
2015-11-20,52983.5982
2015-11-21,50613.7736
2015-11-22,45674.3274
2015-11-23,45830.9878
2015-11-24,48907.1284
2015-11-25,40974.7598
2015-11-26,45442.514
2015-11-27,53532.8872
2015-11-28,53141.4806
2015-11-29,37692.7122
2015-11-30,39218.6236
2015-12-01,45841.8636
2015-12-02,50446.2374
2015-12-03,50314.2614
2015-12-04,52179.0334
2015-12-05,54833.461800000005
2015-12-06,53374.8826
2015-12-07,47794.9862
2015-12-08,51322.778
2015-12-09,51213.8978
2015-12-10,50138.049
2015-12-11,49008.5544
2015-12-12,47498.6512
2015-12-13,44640.271
2015-12-14,45456.6892
2015-12-15,54767.4738
2015-12-16,56894.8536
2015-12-17,55672.8536
2015-12-18,49049.0026
2015-12-19,47912.2982
2015-12-20,43305.6026
2015-12-21,46602.4364
2015-12-22,51615.447
2015-12-23,46294.1258
2015-12-24,52274.8382
2015-12-25,56859.9044
2015-12-26,52833.6588
2015-12-27,46661.8256
2015-12-28,45112.329600000005
2015-12-29,51532.962
2015-12-30,52692.8844
2015-12-31,52005.1428
2016-01-01,50496.3394
2016-01-02,53701.889800000004
2016-01-03,50744.6498
2016-01-04,47291.5222
2016-01-05,49667.4568
2016-01-06,50797.5624
2016-01-07,50422.6528
2016-01-08,48640.8546
2016-01-09,46381.7432
2016-01-10,39863.3508
2016-01-11,34498.5264
2016-01-12,42649.2664
2016-01-13,47120.8088
2016-01-14,47008.9958
2016-01-15,48577.7994
2016-01-16,44551.7982
2016-01-17,40015.612
2016-01-18,37400.4098
2016-01-19,44337.215000000004
2016-01-20,44561.3298
2016-01-21,43457.130600000004
2016-01-22,47604.4764
2016-01-23,48704.2764
2016-01-24,44187.0312
2016-01-25,44674.1204
2016-01-26,47235.6768
2016-01-27,47527.4904
2016-01-28,46001.8234
2016-01-29,46057.0578
2016-01-30,48962.1184
2016-01-31,44254.9744
2016-02-01,43982.7128
2016-02-02,44222.958
2016-02-03,49911.6124
2016-02-04,50336.5018
2016-02-05,51103.7956
2016-02-06,49025.418
2016-02-07,36650.835
2016-02-08,34911.5624
2016-02-09,40932.723
2016-02-10,41380.097200000004
2016-02-11,43212.6084
2016-02-12,44579.5376
2016-02-13,42344.744
2016-02-14,37240.5722
2016-02-15,36031.7698
2016-02-16,39267.0148
2016-02-17,41816.1068
2016-02-18,39512.5146
2016-02-19,40113.983
2016-02-20,40095.2864
2016-02-21,36776.2122
2016-02-22,32021.7768
2016-02-23,39938.626000000004
2016-02-24,40668.2822
2016-02-25,41649.0594
2016-02-26,41728.856
2016-02-27,39976.0192
2016-02-28,35689.732
2016-02-29,34485.451
2016-03-01,39382.7382
2016-03-02,39905.2654
2016-03-03,39406.5672
2016-03-04,40949.9532
2016-03-05,40173.7388
2016-03-06,36025.782
2016-03-07,36311.241200000004
2016-03-08,42890.6114
2016-03-09,42630.5698
2016-03-10,42189.3056
2016-03-11,42982.8724
2016-03-12,41126.8988
2016-03-13,36853.076
2016-03-14,36084.8046
2016-03-15,39273.858
2016-03-16,41799.732
2016-03-17,38114.5466
2016-03-18,39219.6012
2016-03-19,37517.3552
2016-03-20,37606.6834
2016-03-21,36637.5152
2016-03-22,39770.3566
2016-03-23,40951.7862
2016-03-24,39082.1262
2016-03-25,39381.0274
2016-03-26,38353.5698
2016-03-27,37560.4918
2016-03-28,37104.197
2016-03-29,43325.1546
2016-03-30,47815.027
2016-03-31,46453.3524
2016-04-01,45032.4108
2016-04-02,44189.1086
2016-04-03,41703.9272
2016-04-04,40530.842841666665
2016-04-05,46522.6398
2016-04-06,43838.2724
2016-04-07,45938.035
2016-04-08,44703.9372
2016-04-09,43669.6364
2016-04-10,37848.5172
2016-04-11,37212.344
2016-04-12,42075.6596
2016-04-13,44893.1028
2016-04-14,46741.9888
2016-04-15,46440.6436
2016-04-16,47106.1448
2016-04-17,41344.2926
2016-04-18,39534.0218
2016-04-19,43228.25
2016-04-20,42430.5284
2016-04-21,43789.0258
2016-04-22,38362.1238
2016-04-23,39593.411
2016-04-24,43487.6806
2016-04-25,44164.5464
2016-04-26,45091.5556
2016-04-27,47992.9502
2016-04-28,49435.1546
2016-04-29,50289.577
2016-04-30,47713.7232
2016-05-01,40406.4076
2016-05-02,39833.6562
2016-05-03,41916.0664
2016-05-04,41001.6438
2016-05-05,42608.2072
2016-05-06,48491.98954166667
2016-05-07,45827.8106
2016-05-08,41443.7634
2016-05-09,41817.451
2016-05-10,41297.6122
2016-05-11,44728.4994
2016-05-12,50352.8766
2016-05-13,48104.1522
2016-05-14,48960.4076
2016-05-15,44097.9474
2016-05-16,38407.9488
2016-05-17,42790.4074
2016-05-18,44883.2046
2016-05-19,46924.4334
2016-05-20,46391.5192
2016-05-21,51912.2708
2016-05-22,45746.0588
2016-05-23,43273.464
2016-05-24,42770.3666
2016-05-25,39644.124
2016-05-26,46943.13
2016-05-27,49467.6598
2016-05-28,48354.54
2016-05-29,46871.032
2016-05-30,47276.125
2016-05-31,44515.3826
2016-06-01,46097.947799999994
2016-06-02,53290.6398
2016-06-03,55144.395
2016-06-04,54463.195799999994
2016-06-05,49886.8011
2016-06-06,44280.105299999996
2016-06-07,51599.9511
2016-06-08,50603.6592
2016-06-09,45689.9643
2016-06-10,47753.8659
2016-06-11,46251.4968
2016-06-12,38862.871199999994
2016-06-13,38923.5294
2016-06-14,45980.5653
2016-06-15,47562.8814
2016-06-16,51910.475399999996
2016-06-17,49436.433000000005
2016-06-18,52236.227699999996
2016-06-19,47145.6342
2016-06-20,43833.9249
2016-06-21,52859.6874
2016-06-22,61839.2583
2016-06-23,61915.0176
2016-06-24,57470.3451
2016-06-25,60555.6648
2016-06-26,48806.5014
2016-06-27,51343.74
2016-06-28,50760.2538
2016-06-29,41763.5514
2016-06-30,44383.021199999996
2016-07-01,53832.3759
2016-07-02,59519.2725
2016-07-03,52102.2213
2016-07-04,49813.5798
2016-07-05,56466.1854
2016-07-06,46428.6492
2016-07-07,51163.4151
2016-07-08,48994.3134
2016-07-09,48584.934
2016-07-10,48295.475099999996
2016-07-11,46617.6033
2016-07-12,42792.5835
2016-07-13,48922.2342
2016-07-14,46674.2007
2016-07-15,50885.8848
2016-07-16,48817.2879
2016-07-17,50465.211299999995
2016-07-18,52831.7694
2016-07-19,54254.9529
2016-07-20,52340.6664
2016-07-21,53582.256
2016-07-22,55417.864499999996
2016-07-23,51783.3216
2016-07-24,44990.8722
2016-07-25,45118.2798
2016-07-26,51077.5038
2016-07-27,50449.3488
2016-07-28,50775.8625
2016-07-29,52985.6991
2016-07-30,49586.0481
2016-07-31,50073.9786
2016-08-01,50203.9242
2016-08-02,52734.9447
2016-08-03,51920.7543
2016-08-04,48829.216499999995
2016-08-05,52356.148199999996
2016-08-06,47722.5216
2016-08-07,44989.3494
2016-08-08,40045.827712499995
2016-08-09,44257.5171
2016-08-10,47793.2049
2016-08-11,47518.2126
2016-08-12,49974.3621
2016-08-13,48592.8018
2016-08-14,42129.0234
2016-08-15,43734.1815
2016-08-16,51107.3253
2016-08-17,48110.2011
2016-08-18,48597.624
2016-08-19,54570.6801
2016-08-20,52079.8869
2016-08-21,43426.0683
2016-08-22,44880.9768
2016-08-23,53012.9826
2016-08-24,47827.467899999996
2016-08-25,48816.1458
2016-08-26,49174.7652
2016-08-27,42897.783599999995
2016-08-28,40617.898199999996
2016-08-29,36605.1933
2016-08-30,44871.5862
2016-08-31,46719.7578
2016-09-01,48540.519
2016-09-02,48909.9249
2016-09-03,41544.141299999996
2016-09-04,39341.918699999995
2016-09-05,36935.513999999996
2016-09-06,39571.734599999996
2016-09-07,40128.6987
2016-09-08,43127.218799999995
2016-09-09,43333.6851
2016-09-10,40551.9102
2016-09-11,37566.3339
2016-09-12,37875.84299999999
2016-09-13,40789.340099999994
2016-09-14,41759.3637
2016-09-15,41542.872299999995
2016-09-16,42573.1734
2016-09-17,41167.375199999995
2016-09-18,38031.041699999994
2016-09-19,38936.3463
2016-09-20,41095.676699999996
2016-09-21,40161.9465
2016-09-22,40903.1694
2016-09-23,41260.3929
2016-09-24,40398.74189999999
2016-09-25,37541.715299999996
2016-09-26,36592.376399999994
2016-09-27,41400.9981
2016-09-28,42228.8937
2016-09-29,42777.99
2016-09-30,42628.6287
2016-10-01,41836.6458
2016-10-02,36289.339199999995
2016-10-03,36297.46079999999
2016-10-04,38588.3865
2016-10-05,42103.3896
2016-10-06,41972.174999999996
2016-10-07,40872.205799999996
2016-10-08,41650.1028
2016-10-09,37045.916999999994
2016-10-10,34172.6472
2016-10-11,40073.8779
2016-10-12,43034.5818
2016-10-13,42480.6633
2016-10-14,44644.9428
2016-10-15,43755.8814
2016-10-16,38055.7872
2016-10-17,39873.248999999996
2016-10-18,43629.9966
2016-10-19,46359.9963
2016-10-20,47804.118299999995
2016-10-21,42862.7592
2016-10-22,40239.863099999995
2016-10-23,36320.42969999999
2016-10-24,33297.0372
2016-10-25,34264.7766
2016-10-26,44756.361
2016-10-27,49451.153399999996
2016-10-28,48780.740699999995
2016-10-29,50263.3134
2016-10-30,41536.0197
2016-10-31,37198.577699999994
2016-11-01,41674.8483
2016-11-02,43631.64629999999
2016-11-03,42600.710699999996
2016-11-04,44558.397
2016-11-05,38528.362799999995
2016-11-06,37537.6545
2016-11-07,37455.423299999995
2016-11-08,45586.1601
2016-11-09,47074.6971
2016-11-10,51446.528999999995
2016-11-11,47203.2468
2016-11-12,44227.3149
2016-11-13,38839.648499999996
2016-11-14,37643.616
2016-11-15,49371.3333
2016-11-16,47440.8036
2016-11-17,45726.7653
2016-11-18,45315.3555
2016-11-19,46530.5499
2016-11-20,45191.628
2016-11-21,45936.7848
2016-11-22,52764.639299999995
2016-11-23,53879.709599999995
2016-11-24,51608.7072
2016-11-25,48031.65
2016-11-26,49757.8707
2016-11-27,39206.5164
2016-11-28,41833.6002
2016-11-29,43203.739499999996
2016-11-30,43834.6863
2016-12-01,47095.128
2016-12-02,42314.805
2016-12-03,44027.701199999996
2016-12-04,43210.0845
2016-12-05,39075.682499999995
2016-12-06,49809.519
2016-12-07,51179.7852
2016-12-08,52282.0386
2016-12-09,48215.4012
2016-12-10,43097.1435
2016-12-11,45372.7143
2016-12-12,48652.8255
2016-12-13,57042.5652
2016-12-14,56428.115399999995
2016-12-15,57089.8989
2016-12-16,57626.4321
2016-12-17,55688.4153
2016-12-18,50456.4552
2016-12-19,47040.941699999996
2016-12-20,50870.276099999995
2016-12-21,52338.3822
2016-12-22,47441.0574
2016-12-23,42117.221699999995
2016-12-24,46163.808899999996
2016-12-25,42093.364499999996
2016-12-26,37376.8722
2016-12-27,44097.876899999996
2016-12-28,43976.4336
2016-12-29,43541.5473
2016-12-30,45490.7313
2016-12-31,43580.759399999995
2017-01-01,42325.3377
2017-01-02,38834.953199999996
2017-01-03,44903.8188
2017-01-04,47681.406
2017-01-05,49701.019499999995
2017-01-06,47842.4421
2017-01-07,47417.2002
2017-01-08,43864.3809
2017-01-09,44122.8762
2017-01-10,47940.282
2017-01-11,47792.824199999995
2017-01-12,40568.153399999996
2017-01-13,42477.7446
2017-01-14,42908.3163
2017-01-15,36571.4379
2017-01-16,38720.1087
2017-01-17,46897.5447
2017-01-18,43552.5876
2017-01-19,49411.6875
2017-01-20,49401.2817
2017-01-21,48806.882099999995
2017-01-22,39233.7999
2017-01-23,41209.7598
2017-01-24,49872.7152
2017-01-25,52218.7155
2017-01-26,52077.4758
2017-01-27,52974.278099999996
2017-01-28,52272.2673
2017-01-29,46726.9911
2017-01-30,43915.7754
2017-01-31,44737.4529
2017-02-01,45203.3028
2017-02-02,44627.4306
2017-02-03,43628.0931
2017-02-04,43666.670699999995
2017-02-05,41506.5789
2017-02-06,42616.31939999999
2017-02-07,50232.096
2017-02-08,55928.7639
2017-02-09,53806.869
2017-02-10,47323.2942
2017-02-11,42083.846999999994
2017-02-12,36362.1798
2017-02-13,34470.9891
2017-02-14,41641.6005
2017-02-15,41852.254499999995
2017-02-16,40923.6003
2017-02-17,44078.0805
2017-02-18,46206.3204
2017-02-19,38054.51819999999
2017-02-20,33814.53539999999
2017-02-21,39015.1512
2017-02-22,39573.0036
2017-02-23,39468.3111
2017-02-24,42346.7838
2017-02-25,37945.511099999996
2017-02-26,37569.633299999994
2017-02-27,34269.4719
2017-02-28,41583.7341
2017-03-01,40121.846099999995
2017-03-02,43694.208
2017-03-03,44202.4425
2017-03-04,44747.7318
2017-03-05,40895.174699999996
2017-03-06,39326.4369
2017-03-07,36885.134699999995
2017-03-08,40338.2106
2017-03-09,40356.611099999995
2017-03-10,39070.352699999996
2017-03-11,40026.417299999994
2017-03-12,36402.4071
2017-03-13,33711.23879999999
2017-03-14,40317.399
2017-03-15,39368.9484
2017-03-16,41099.6106
2017-03-17,39228.343199999996
2017-03-18,40287.1968
2017-03-19,37965.4344
2017-03-20,37112.5395
2017-03-21,42426.477
2017-03-22,42954.8886
2017-03-23,43278.7374
2017-03-24,44786.9439
2017-03-25,46337.9157
2017-03-26,43463.630699999994
2017-03-27,38882.66759999999
2017-03-28,41883.725699999995
2017-03-29,39630.6162
2017-03-30,42350.463899999995
2017-03-31,41408.2314
2017-04-01,39933.7803
2017-04-02,36307.866599999994
2017-04-03,41284.2025125
2017-04-04,45893.6388
2017-04-05,42447.2886
2017-04-06,37344.132
2017-04-07,43927.1964
2017-04-08,46449.3339
2017-04-09,42642.46079999999
2017-04-10,40049.8938
2017-04-11,44493.4242
2017-04-12,49744.799999999996
2017-04-13,49665.8682
2017-04-14,49943.5254
2017-04-15,44978.9436
2017-04-16,39972.86549999999
2017-04-17,37639.3014
2017-04-18,41068.5201
2017-04-19,47243.9817
2017-04-20,47800.057499999995
2017-04-21,46257.3342
2017-04-22,43468.4529
2017-04-23,40254.5835
2017-04-24,49687.0605
2017-04-25,53636.9499
2017-04-26,51149.583
2017-04-27,52433.1765
2017-04-28,45170.3088
2017-04-29,44055.4923
2017-04-30,41841.7218
2017-05-01,42893.2152
2017-05-02,47798.788499999995
2017-05-03,43527.7152
2017-05-04,42531.169499999996
2017-05-05,42691.0635
2017-05-06,46268.5014
2017-05-07,48159.9459
2017-05-08,49914.2115
2017-05-09,45504.6903
2017-05-10,54133.8903
2017-05-11,50962.6593
2017-05-12,57089.645099999994
2017-05-13,54701.8947
2017-05-14,45889.324199999995
2017-05-15,48044.9745
2017-05-16,54693.3924
2017-05-17,51244.8849
2017-05-18,53502.4359
2017-05-19,50809.3641
2017-05-20,46515.8295
2017-05-21,40879.94669999999
2017-05-22,38807.4159
2017-05-23,45206.6022
2017-05-24,48483.414
2017-05-25,47693.5884
2017-05-26,48016.8027
2017-05-27,48202.965000000004
2017-05-28,45242.0073
2017-05-29,41081.717699999994
2017-05-30,46805.4153
2017-05-31,48195.4779
2017-06-01,48994.9432
2017-06-02,54061.938
2017-06-03,59844.3104
2017-06-04,57063.6024
2017-06-05,49995.6296
2017-06-06,57489.5916
2017-06-07,70492.856
2017-06-08,63623.7308
2017-06-09,57318.1168
2017-06-10,52993.2144
2017-06-11,46776.2988
2017-06-12,46810.3832
2017-06-13,52085.8324
2017-06-14,47912.27
2017-06-15,54162.2172
2017-06-16,57478.1424
2017-06-17,51021.7148
2017-06-18,54757.444
2017-06-19,51546.535599999996
2017-06-20,53465.132
2017-06-21,59676.1256
2017-06-22,58918.5044
2017-06-23,66632.2384
2017-06-24,66700.802
2017-06-25,58583.056
2017-06-26,54986.9544
2017-06-27,59970.119999999995
2017-06-28,69203.3076
2017-06-29,69080.9196
2017-06-30,66286.1304
2017-07-01,54158.7956
2017-07-02,47625.382
2017-07-03,47659.8612
2017-07-04,50689.03
2017-07-05,57739.5
2017-07-06,56199.78
2017-07-07,59145.7776
2017-07-08,60183.312
2017-07-09,54248.6784
2017-07-10,48188.3668
2017-07-11,59468.4608
2017-07-12,62221.138
2017-07-13,63131.5468
2017-07-14,53474.0808
2017-07-15,50317.1284
2017-07-16,48900.1912
2017-07-17,53805.4496
2017-07-18,55750.629199999996
2017-07-19,52416.6748
2017-07-20,48951.7784
2017-07-21,50321.7344
2017-07-22,45877.076
2017-07-23,45977.6184
2017-07-24,45361.862
2017-07-25,53467.5008
2017-07-26,56539.7028
2017-07-27,55905.1276
2017-07-28,57778.8484
2017-07-29,59423.8484
2017-07-30,46626.538
2017-07-31,47615.2488
2017-08-01,59586.3744
2017-08-02,55657.4564
2017-08-03,53817.162
2017-08-04,55290.1608
2017-08-05,49081.7992
2017-08-06,46394.7904
2017-08-07,44660.839766666664
2017-08-08,48533.0272
2017-08-09,43336.29125
2017-08-10,47032.260800000004
2017-08-11,55748.918399999995
2017-08-12,48148.6236
2017-08-13,41949.0792
2017-08-14,45182.886
2017-08-15,54826.2708
2017-08-16,51115.6772
2017-08-17,46227.3952
2017-08-18,46107.9024
2017-08-19,46712.6044
2017-08-20,41533.0916
2017-08-21,40502.0056
2017-08-22,52560.2504
2017-08-23,51629.312
2017-08-24,52432.3352
2017-08-25,47427.1924
2017-08-26,43280.3448
2017-08-27,42318.612
2017-08-28,45120.7708
2017-08-29,47126.2232
2017-08-30,42250.7064
2017-08-31,42959.7672
2017-09-01,42736.9684
2017-09-02,41682.5892
2017-09-03,41060.7792
2017-09-04,40592.8096
2017-09-05,44708.3364
2017-09-06,42105.8148
2017-09-07,43832.4068
2017-09-08,41900.5188
2017-09-09,39641.4732
2017-09-10,36579.1412
2017-09-11,35525.8148
2017-09-12,42196.7504
2017-09-13,45312.6436
2017-09-14,49354.4744
2017-09-15,41994.6128
2017-09-16,40620.972
2017-09-17,35683.0768
2017-09-18,34465.1188
2017-09-19,41737.8612
2017-09-20,41877.752
2017-09-21,42221.6228
2017-09-22,41337.2708
2017-09-23,40866.406
2017-09-24,38749.8832
2017-09-25,37290.4392
2017-09-26,40374.222
2017-09-27,41314.504
2017-09-28,42835.8
2017-09-29,41879.8576
2017-09-30,41677.3252
2017-10-01,37861.8464
2017-10-02,36386.8736
2017-10-03,41755.2324
2017-10-04,41010.7712
2017-10-05,43525.9104
2017-10-06,45852.4668
2017-10-07,44190.622
2017-10-08,38149.2608
2017-10-09,37787.8872
2017-10-10,46653.1212
2017-10-11,49273.5404
2017-10-12,44753.4752
2017-10-13,41971.846
2017-10-14,41643.2408
2017-10-15,38683.6884
2017-10-16,37410.7216
2017-10-17,42328.481999999996
2017-10-18,43185.066399999996
2017-10-19,45416.6076
2017-10-20,43329.6948
2017-10-21,40249.5968
2017-10-22,36165.2592
2017-10-23,36182.762
2017-10-24,39444.5996
2017-10-25,47692.1032
2017-10-26,49380.3996
2017-10-27,45091.1608
2017-10-28,44161.67
2017-10-29,41508.3508
2017-10-30,42694.988
2017-10-31,49598.8556
2017-11-01,50296.0724
2017-11-02,44840.8576
2017-11-03,45057.866
2017-11-04,42683.802
2017-11-05,42025.5388
2017-11-06,40473.3168
2017-11-07,43310.876
2017-11-08,44888.102
2017-11-09,47039.2356
2017-11-10,43508.934
2017-11-11,43436.2908
2017-11-12,39863.7456
2017-11-13,40541.0908
2017-11-14,49340.9196
2017-11-15,54838.1148
2017-11-16,55352.1444
2017-11-17,51950.9424
2017-11-18,49928.5136
2017-11-19,44963.2456
2017-11-20,42623.7924
2017-11-21,52394.8292
2017-11-22,47663.4144
2017-11-23,51397.696
2017-11-24,48362.8684
2017-11-25,52573.542
2017-11-26,46120.2728
2017-11-27,43323.378
2017-11-28,52778.18
2017-11-29,54150.11
2017-11-30,53121.3928
2017-12-01,44564.1028
2017-12-02,38737.6444
2017-12-03,38552.3516
2017-12-04,38460.3632
2017-12-05,50467.0208
2017-12-06,47755.666
2017-12-07,49923.9076
2017-12-08,44988.3812
2017-12-09,49681.3688
2017-12-10,48133.7528
2017-12-11,47403.636
2017-12-12,52356.402
2017-12-13,48091.5092
2017-12-14,44273.3984
2017-12-15,44456.8488
2017-12-16,39705.694
2017-12-17,40750.203199999996
2017-12-18,41948.158
2017-12-19,44048.0992
2017-12-20,55563.3624
2017-12-21,52651.0544
2017-12-22,47328.7556
2017-12-23,45700.600399999996
2017-12-24,45503.332
2017-12-25,42903.9688
2017-12-26,45418.0552
2017-12-27,43525.6472
2017-12-28,42588.9184
2017-12-29,42190.302
2017-12-30,47250.7168
2017-12-31,40463.3152
2018-01-01,40620.8404
2018-01-02,49781.1216
2018-01-03,50218.2968
2018-01-04,45017.859599999996
2018-01-05,48708.45
2018-01-06,42912.3912
2018-01-07,44524.4912
2018-01-08,42690.118800000004
2018-01-09,49851.6592
2018-01-10,49313.0204
2018-01-11,43907.9452
2018-01-12,45454.1136
2018-01-13,44451.19
2018-01-14,41098.1536
2018-01-15,43769.8968
2018-01-16,48559.084
2018-01-17,50476.3644
2018-01-18,52889.5136
2018-01-19,51035.6644
2018-01-20,51724.8536
2018-01-21,49934.4356
2018-01-22,44345.252
2018-01-23,51206.6128
2018-01-24,46449.7992
2018-01-25,51054.6148
2018-01-26,49513.0524
2018-01-27,45059.9716
2018-01-28,46722.4744
2018-01-29,43970.85
2018-01-30,46167.912
2018-01-31,50094.856
2018-02-01,51654.7108
2018-02-02,52934.126
2018-02-03,55318.06
2018-02-04,44957.5868
2018-02-05,40695.5892
2018-02-06,45010.8848
2018-02-07,47157.544
2018-02-08,48675.8132
2018-02-09,46690.4956
2018-02-10,42124.3704
2018-02-11,38404.828
2018-02-12,36421.616
2018-02-13,42257.8128
2018-02-14,42788.0292
2018-02-15,42441.7896
2018-02-16,40952.7356
2018-02-17,40321.582
2018-02-18,40307.3692
2018-02-19,39963.4984
2018-02-20,39860.7188
2018-02-21,40691.7728
2018-02-22,40765.4688
2018-02-23,43818.852
2018-02-24,41536.7764
2018-02-25,37860.2672
2018-02-26,38422.1992
2018-02-27,44570.4196
2018-02-28,43466.5588
2018-03-01,42688.6712
2018-03-02,44162.986
2018-03-03,42967.1368
2018-03-04,38073.195999999996
2018-03-05,36719.032
2018-03-06,42681.828
2018-03-07,39346.0312
2018-03-08,41537.1712
2018-03-09,42681.5648
2018-03-10,42166.614
2018-03-11,36674.945999999996
2018-03-12,36265.8016
2018-03-13,42688.408
2018-03-14,38130.573599999996
2018-03-15,42422.7076
2018-03-16,42738.0212
2018-03-17,41999.6136
2018-03-18,38773.5712
2018-03-19,36763.6444
2018-03-20,44626.0864
2018-03-21,42398.888
2018-03-22,45421.345199999996
2018-03-23,42883.7024
2018-03-24,44263.7916
2018-03-25,40124.9716
2018-03-26,37649.1808
2018-03-27,41810.636
2018-03-28,42920.8136
2018-03-29,42608.79
2018-03-30,41169.217599999996
2018-03-31,46427.0324
2018-04-01,45086.2916
2018-04-02,42142.926
2018-04-03,45533.4684
2018-04-04,42999.2472
2018-04-05,41792.212
2018-04-06,44730.84
2018-04-07,47096.35
2018-04-08,43528.9372
2018-04-09,40024.166
2018-04-10,46309.5136
2018-04-11,43711.3348
2018-04-12,45777.718
2018-04-13,51656.5532
2018-04-14,53850.9832
2018-04-15,51248.33
2018-04-16,47824.8876
2018-04-17,51191.2156
2018-04-18,57819.2496
2018-04-19,58973.3816
2018-04-20,52347.19
2018-04-21,55677.5912
2018-04-22,51180.6876
2018-04-23,44773.61
2018-04-24,44513.9632
2018-04-25,48550.1352
2018-04-26,50642.97
2018-04-27,45852.3352
2018-04-28,46257.2684
2018-04-29,44242.9988
2018-04-30,37828.0252
2018-05-01,46972.5144
2018-05-02,49967.4672
2018-05-03,50382.928400000004
2018-05-04,53124.6828
2018-05-05,50302.126
2018-05-06,44607.136
2018-05-07,47032.7872
2018-05-08,51299.7856
2018-05-09,48039.5272
2018-05-10,53990.4792
2018-05-11,50573.4852
2018-05-12,54560.438799999996
2018-05-13,50216.3228
2018-05-14,45252.8972
2018-05-15,49635.4404
2018-05-16,50205.7948
2018-05-17,49595.3024
2018-05-18,54804.0304
2018-05-19,51893.6964
2018-05-20,51495.738
2018-05-21,48521.0516
2018-05-22,51700.1128
2018-05-23,47117.0112
2018-05-24,40265.2572
2018-05-25,40020.218
2018-05-26,40200.51
2018-05-27,41830.376
2018-05-28,42181.3532
2018-05-29,48926.5112
2018-05-30,49790.5968
2018-05-31,53681.3508
2018-06-01,50090.5812
2018-06-02,50792.4956
2018-06-03,46186.6768
2018-06-04,44635.1268
2018-06-05,58303.0888
2018-06-06,60849.404
2018-06-07,63446.5964
2018-06-08,71604.544
2018-06-09,58409.0716
2018-06-10,63321.9268
2018-06-11,57509.9228
2018-06-12,54612.514
2018-06-13,57670.4656
2018-06-14,61839.5316
2018-06-15,59987.356
2018-06-16,54738.2748
2018-06-17,50306.366
2018-06-18,46594.24
2018-06-19,53062.8736
2018-06-20,53721.0036
2018-06-21,52572.9248
2018-06-22,52997.1288
2018-06-23,55595.1396
2018-06-24,52511.4084
2018-06-25,50302.0012
2018-06-26,57594.4908
2018-06-27,60764.2904
2018-06-28,61129.4332
2018-06-29,53574.2372
2018-06-30,57752.7148
2018-07-01,56598.7708
2018-07-02,49192.9328
2018-07-03,54640.476
2018-07-04,60492.9908
2018-07-05,53743.9188
2018-07-06,59636.5352
2018-07-07,62023.126000000004
2018-07-08,50837.644
2018-07-09,45612.7056
2018-07-10,51924.4792
2018-07-11,57810.684799999995
2018-07-12,57158.9656
2018-07-13,59314.4948
2018-07-14,63446.3236
2018-07-15,58534.8324
2018-07-16,56473.4192
2018-07-17,69170.486
2018-07-18,62857.3484
2018-07-19,63803.2824
2018-07-20,69757.1424
2018-07-21,69382.7244
2018-07-22,58715.8352
2018-07-23,53705.0448
2018-07-24,59046.4688
2018-07-25,63902.036
2018-07-26,56981.1
2018-07-27,60465.7108
2018-07-28,57432.584
2018-07-29,58881.834
2018-07-30,52012.1844
2018-07-31,55592.0024
2018-08-01,56923.13
2018-08-02,51407.2504
2018-08-03,59458.123999999996
2018-08-04,62398.7716
2018-08-05,54003.3516
2018-08-06,45138.60761666667
2018-08-07,47291.926
2018-08-08,47873.1264
2018-08-09,45748.6964
2018-08-10,44746.02
2018-08-11,46488.6664
2018-08-12,43852.8728
2018-08-13,42133.5508
2018-08-14,44167.9568
2018-08-15,43922.7096
2018-08-16,50084.716
2018-08-17,48904.3104
2018-08-18,49683.2908
2018-08-19,41393.0352
2018-08-20,40688.801999999996
2018-08-21,49605.8156
2018-08-22,49533.9328
2018-08-23,47018.444
2018-08-24,46801.431599999996
2018-08-25,50043.114
2018-08-26,49079.448000000004
2018-08-27,49307.508799999996
2018-08-28,47619.968
2018-08-29,44730.8796
2018-08-30,46430.56
2018-08-31,45933.2456
2018-09-01,41526.7072
2018-09-02,38884.7756
2018-09-03,40187.2592
2018-09-04,42728.3912
2018-09-05,45156.584
2018-09-06,44540.056
2018-09-07,44932.3424
2018-09-08,42936.4012
2018-09-09,39455.746
2018-09-10,37316.7212
2018-09-11,43547.609599999996
2018-09-12,42874.4756
2018-09-13,41491.3796
2018-09-14,43886.1544
2018-09-15,37632.6236
2018-09-16,37541.7812
2018-09-17,37925.8836
2018-09-18,42939.2656
2018-09-19,43411.7552
2018-09-20,43026.4252
2018-09-21,43864.3304
2018-09-22,44898.6516
2018-09-23,41668.4268
2018-09-24,39773.6944
2018-09-25,44912.0188
2018-09-26,42892.344
2018-09-27,41797.051999999996
2018-09-28,43478.3184
2018-09-29,41605.9556
2018-09-30,37638.216
2018-10-01,38080.152
2018-10-02,42006.5624
2018-10-03,45998.3084
2018-10-04,44705.782
2018-10-05,48114.418
2018-10-06,49164.8344
2018-10-07,45256.2924
2018-10-08,42531.1568
2018-10-09,48075.2712
2018-10-10,46343.1276
2018-10-11,43499.5968
2018-10-12,43477.7728
2018-10-13,41000.7488
2018-10-14,42607.95
2018-10-15,43714.6996
2018-10-16,47967.106
2018-10-17,44715.1936
2018-10-18,43571.0704
2018-10-19,43205.382
2018-10-20,42792.6356
2018-10-21,36640.722799999996
2018-10-22,39130.1592
2018-10-23,42050.074
2018-10-24,47901.9068
2018-10-25,48341.9332
2018-10-26,48271.96
2018-10-27,48538.2128
2018-10-28,43340.9636
2018-10-29,43058.4792
2018-10-30,42265.585999999996
2018-10-31,40653.8836
2018-11-01,44035.376
2018-11-02,47519.4412
2018-11-03,49522.066
2018-11-04,41365.0732
2018-11-05,43627.54
2018-11-06,50228.3452
2018-11-07,48158.066
2018-11-08,49587.9472
2018-11-09,53520.4956
2018-11-10,54502.4392
2018-11-11,50297.2272
2018-11-12,49891.3008
2018-11-13,56617.0484
2018-11-14,55965.0564
2018-11-15,49209.5736
2018-11-16,52102.754
2018-11-17,50980.182
2018-11-18,44926.2044
2018-11-19,48499.748
2018-11-20,55492.294
2018-11-21,57414.0336
2018-11-22,53398.554000000004
2018-11-23,51534.1024
2018-11-24,51019.738
2018-11-25,43642.2712
2018-11-26,39132.2052
2018-11-27,42777.6316
2018-11-28,46814.6624
2018-11-29,44140.8132
2018-11-30,45278.662
2018-12-01,39341.0336
2018-12-02,39222.0928
2018-12-03,37570.2888
2018-12-04,50816.638399999996
2018-12-05,52424.657999999996
2018-12-06,48297.876000000004
2018-12-07,50172.1484
2018-12-08,49846.5616
2018-12-09,46101.154
2018-12-10,44680.1388
2018-12-11,50374.8388
2018-12-12,51054.1108
2018-12-13,44314.7232
2018-12-14,46771.1508
2018-12-15,53188.9072
2018-12-16,51147.5448
2018-12-17,51742.2488
2018-12-18,53711.0464
2018-12-19,53893.2768
2018-12-20,49331.106
2018-12-21,49976.1416
2018-12-22,51221.0644
2018-12-23,50857.8312
2018-12-24,50753.076
2018-12-25,56458.9608
2018-12-26,56459.9156
2018-12-27,59451.1676
2018-12-28,57156.2376
2018-12-29,53632.7528
2018-12-30,48118.237199999996
2018-12-31,48053.72
